ticker,cutoff,price,history_days,median_dollar_volume_60d,liquidity_rank
TSLA,2020-12-31,235.22332763671875,756,17414354163.59253,1
AMZN,2020-12-31,162.84649658203125,756,13473019718.62793,2
AAPL,2020-12-31,128.92782592773438,756,12506961948.76442,3
MSFT,2020-12-31,212.47462463378903,756,5377319474.186707,4
META,2020-12-31,270.7821044921875,756,4534424437.280273,5
NVDA,2020-12-31,13.002530097961426,756,3869638213.634491,6
AMD,2020-12-31,91.70999908447266,756,3501878299.7463226,7
BA,2020-12-31,214.05999755859375,756,3468840129.8957825,8
GOOG,2020-12-31,86.8284683227539,756,2495792927.093506,9
GOOGL,2020-12-31,86.86177825927734,756,2470041695.4345703,10
PYPL,2020-12-31,232.18911743164065,756,1628904046.6644287,11
XYZ,2020-12-31,217.63999938964844,756,1612107966.6511536,12
MRNA,2020-12-31,104.47000122070312,521,1572567907.4707031,13
V,2020-12-31,210.07095336914065,756,1417731098.904419,14
CRM,2020-12-31,218.74560546875,756,1399053954.4120789,15
INTC,2020-12-31,45.03854751586914,756,1366818613.6285782,16
JPM,2020-12-31,110.03971099853516,756,1307523768.9796448,17
SHOP,2020-12-31,113.19499969482422,756,1301577469.6617126,18
DIS,2020-12-31,175.66543579101562,756,1296780707.1922302,19
BAC,2020-12-31,26.572731018066406,756,1189791477.9201508,20
ROKU,2020-12-31,332.0199890136719,756,1155154680.4336548,21
ADBE,2020-12-31,500.1199951171875,756,1118684478.9611819,22
BRK.B,2020-12-31,231.8699951171875,756,1060469349.8825073,23
PFE,2020-12-31,27.9071044921875,756,1054345311.8815422,24
MA,2020-12-31,345.2813720703125,756,1037463169.5007324,25
SNAP,2020-12-31,50.06999969482422,756,994209962.9499435,26
AAL,2020-12-31,15.770000457763672,756,980409744.1329956,27
C,2020-12-31,51.06773376464844,756,905632714.1378403,28
XOM,2020-12-31,33.2408332824707,756,877002185.7276917,29
QCOM,2020-12-31,135.4127960205078,756,876229787.8677368,30
JNJ,2020-12-31,135.04246520996094,756,849110876.2557983,31
WMT,2020-12-31,44.71602249145508,756,829551435.0831985,32
GE,2020-12-31,52.477569580078125,756,828460203.7141285,33
WFC,2020-12-31,26.613740921020508,756,818852603.8328171,34
MU,2020-12-31,73.3108139038086,756,813223190.6974792,35
T,2020-12-31,14.980470657348633,756,785525170.7320533,36
HD,2020-12-31,231.8607635498047,756,776259505.2154541,37
CCL,2020-12-31,21.42908477783203,756,769183024.7091293,38
PG,2020-12-31,121.00157165527344,756,753203468.2910919,39
PLUG,2020-12-31,33.90999984741211,756,723239517.5598145,40
COST,2020-12-31,355.49774169921875,756,722205186.7141724,41
TWLO,2020-12-31,338.5,756,721890346.9345093,42
TMO,2020-12-31,458.789794921875,756,694698023.8067627,43
CSCO,2020-12-31,38.0584716796875,756,693290486.2968445,44
CVX,2020-12-31,67.0072250366211,756,669056202.5402069,45
DOCU,2020-12-31,222.3000030517578,676,668183724.2729187,46
MELI,2020-12-31,1675.219970703125,756,661758284.3383789,47
BKNG,2020-12-31,87.2376708984375,756,657246068.4871674,48
LOW,2020-12-31,145.04808044433594,756,652606957.6332092,49
CHTR,2020-12-31,661.5499877929688,756,650109374.9389648,50
FDX,2020-12-31,188.5567169189453,756,634355335.6144257,51
TSM,2020-12-31,99.75304412841795,756,629345162.8639221,52
CMCSA,2020-12-31,41.16851806640625,756,616231701.4450111,53
VZ,2020-12-31,41.45747756958008,756,612055461.3422394,54
NOW,2020-12-31,110.08599853515624,756,604398191.8010712,55
KO,2020-12-31,46.55868148803711,756,584685550.99926,56
ABBV,2020-12-31,86.74809265136719,756,559667123.9192963,57
MRK,2020-12-31,65.63493347167969,756,558825918.8046112,58
NKE,2020-12-31,129.7117462158203,756,556171884.410858,59
TDOC,2020-12-31,199.9600067138672,756,550010514.0739441,60
GS,2020-12-31,231.92640686035156,756,546810610.6613159,61
MS,2020-12-31,57.791988372802734,756,546605332.1609497,62
LRCX,2020-12-31,44.63372421264648,756,541388810.2912903,63
MCD,2020-12-31,189.0812835693359,756,538596644.7639465,64
GM,2020-12-31,39.9940071105957,756,531820050.84381104,65
DHR,2020-12-31,191.8491668701172,756,521173837.0276184,66
LLY,2020-12-31,159.68373107910156,756,515177920.7229614,67
ORCL,2020-12-31,59.76287841796875,756,509680441.3192749,68
W,2020-12-31,225.80999755859375,756,504260030.6213379,69
DAL,2020-12-31,38.81282043457031,756,502012801.2875557,70
AVGO,2020-12-31,39.2447395324707,756,498770811.94496155,71
TXN,2020-12-31,140.75328063964844,756,490933955.10253906,72
ETSY,2020-12-31,177.91000366210938,756,484277345.69091797,73
IBM,2020-12-31,96.578125,756,473970800.15584946,74
BSX,2020-12-31,35.95000076293945,756,473146515.6303406,75
BMY,2020-12-31,49.78412628173828,756,472159005.1431656,76
SBUX,2020-12-31,94.42166137695312,756,470717716.9998169,77
REGN,2020-12-31,479.1524658203125,756,467459248.1567383,78
HON,2020-12-31,187.89207458496097,756,466684467.0539627,79
NCLH,2020-12-31,25.43000030517578,756,464920979.8682213,80
AMAT,2020-12-31,82.43934631347656,756,453839677.57644653,81
AMGN,2020-12-31,193.61376953125,756,447176063.0264282,82
CAT,2020-12-31,164.81163024902344,756,434820404.32128906,83
NEE,2020-12-31,66.94004821777344,756,431541945.9674835,84
LULU,2020-12-31,348.0299987792969,756,425848541.4550781,85
TGT,2020-12-31,150.67788696289062,756,420653727.5520325,86
ABT,2020-12-31,98.9098129272461,756,420533098.54660034,87
PEP,2020-12-31,124.6697235107422,756,414424769.4908142,88
LMT,2020-12-31,305.7884521484375,756,405911230.7281494,89
RTX,2020-12-31,63.28483200073242,756,401687020.0683594,90
GILD,2020-12-31,47.49982070922851,756,401589364.9177551,91
UNP,2020-12-31,184.2485809326172,756,401180594.2527771,92
CVS,2020-12-31,57.11027908325195,756,400288221.0777283,93
VRTX,2020-12-31,236.33999633789065,756,398041618.4440613,94
FISV,2020-12-31,113.86000061035156,756,396006609.87777704,95
TMUS,2020-12-31,128.95623779296875,756,390600517.1588898,96
WDAY,2020-12-31,239.61000061035156,756,387897993.5417175,97
ISRG,2020-12-31,272.70001220703125,756,385206316.305542,98
AXP,2020-12-31,112.74869537353516,756,378618052.51808167,99
F,2020-12-31,6.515832424163818,756,378482090.199852,100
SCHW,2020-12-31,49.34535598754883,756,372723119.8440552,101
SPGI,2020-12-31,296.95941162109375,756,370780792.89016724,102
COP,2020-12-31,32.89878463745117,756,370274900.2261162,103
FIS,2020-12-31,124.1040496826172,756,369932882.65457153,104
ACN,2020-12-31,238.22271728515625,756,369623717.3629761,105
ENPH,2020-12-31,175.47000122070312,756,367484834.7793579,106
MDT,2020-12-31,99.15397644042967,756,365779378.96118164,107
RCL,2020-12-31,72.63463592529297,756,364759468.67923737,108
INTU,2020-12-31,364.695068359375,756,362630375.83618164,109
AMT,2020-12-31,190.08563232421875,756,362381224.53308105,110
CMG,2020-12-31,27.73419952392578,756,355033887.04776764,111
EBAY,2020-12-31,45.7684326171875,756,350179570.4715729,112
SPOT,2020-12-31,314.6600036621094,694,350142500.45166016,113
DXCM,2020-12-31,92.43000030517578,756,349017159.85565186,114
ADSK,2020-12-31,305.3399963378906,756,346526317.8413391,115
TEAM,2020-12-31,233.8699951171875,756,345857583.37402344,116
SEDG,2020-12-31,319.1199951171875,756,343229284.36279297,117
B,2020-12-31,19.506595611572266,756,342042738.49725723,118
LIN,2020-12-31,244.3306121826172,756,341422473.8861084,119
NVAX,2020-12-31,111.51000213623048,756,340832429.8843384,120
ILMN,2020-12-31,359.92218017578125,756,338901721.3045044,121
CVNA,2020-12-31,47.90800094604492,756,335284285.80093384,122
ELV,2020-12-31,296.9837341308594,756,334131264.8300171,123
FCX,2020-12-31,24.238704681396484,756,326378732.76376724,124
BLK,2020-12-31,632.887451171875,756,323098577.2338867,125
LUV,2020-12-31,42.99142074584961,756,321098994.48890686,126
RUN,2020-12-31,69.37999725341797,756,319089190.3646469,127
DE,2020-12-31,250.67095947265625,756,317159943.51272583,128
CSX,2020-12-31,28.103609085083008,756,312197295.46251297,129
TJX,2020-12-31,63.02641296386719,756,311848815.46173096,130
EA,2020-12-31,139.5433807373047,756,311832573.9273071,131
DG,2020-12-31,192.2769470214844,756,309645421.9490051,132
OKTA,2020-12-31,254.2599945068359,756,308160170.904541,133
BIIB,2020-12-31,244.86000061035156,756,307470716.0484314,134
SHW,2020-12-31,233.1850128173828,756,303447076.7852783,135
CI,2020-12-31,188.31805419921875,756,301325264.68048096,136
MRVL,2020-12-31,46.56040954589844,756,297484443.96591187,137
MMM,2020-12-31,120.38739776611328,756,296266773.45758057,138
PENN,2020-12-31,86.37000274658203,756,293769706.77108765,139
ZS,2020-12-31,199.7100067138672,705,293761176.6067505,140
WKHS,2020-12-31,59340.0,756,289970700.0,141
ADI,2020-12-31,134.58453369140625,756,287591323.38027954,142
Z,2020-12-31,129.8000030517578,756,286342454.5463562,143
PM,2020-12-31,63.89485549926758,756,286039738.43688965,144
SPCE,2020-12-31,474.6000061035156,756,285201638.9983368,145
AON,2020-12-31,202.9972381591797,756,285041291.8357849,146
HUM,2020-12-31,388.9993896484375,756,283415907.2341919,147
EQIX,2020-12-31,641.9356689453125,756,281654668.7011719,148
PSKY,2020-12-31,32.80029296875,756,276682662.80784607,149
OXY,2020-12-31,16.15964698791504,756,272522923.2541084,150
RNG,2020-12-31,377.7157287597656,756,270296044.09484863,151
AZN,2020-12-31,88.28654479980469,756,270105285.84575653,152
BDX,2020-12-31,174.7071075439453,756,264815419.04078674,153
MDLZ,2020-12-31,50.69049835205078,756,263132360.42099,154
WYNN,2020-12-31,109.1440887451172,756,261706238.1072998,155
NEM,2020-12-31,50.922080993652344,756,261277029.83551025,156
AZO,2020-12-31,1185.43994140625,756,259835702.0324707,157
PANW,2020-12-31,59.231666564941406,756,259192283.0898285,158
GPN,2020-12-31,204.78709411621097,756,251278659.82284546,159
KR,2020-12-31,28.25800514221191,756,250881503.622818,160
EXPE,2020-12-31,130.77784729003906,756,249077962.0388031,161
ASML,2020-12-31,464.5819091796875,756,247436952.04315186,162
APD,2020-12-31,238.38644409179688,756,246207841.87469482,163
FCEL,2020-12-31,335.1000061035156,756,246005453.05410767,164
NXPI,2020-12-31,144.47805786132812,756,242599750.89569092,165
D,2020-12-31,59.132450103759766,756,241957776.1455536,166
NOC,2020-12-31,278.5013122558594,756,241033211.67755127,167
MAR,2020-12-31,126.728271484375,756,239246237.86964417,168
NSC,2020-12-31,212.28515625,756,237629909.44519043,169
MTCH,2020-12-31,145.1632843017578,756,236758021.89559934,170
ALGN,2020-12-31,534.3800048828125,756,236097900.0,171
ZTS,2020-12-31,156.87161254882812,756,234650407.12661743,172
EL,2020-12-31,246.03042602539065,756,231787837.64266968,173
DD,2020-12-31,80.43936920166016,756,231602224.53071594,174
MO,2020-12-31,26.91093635559082,756,230378679.67615128,175
VEEV,2020-12-31,272.25,756,228284915.9362793,176
FSLR,2020-12-31,98.91999816894533,756,227355240.36941528,177
ADP,2020-12-31,156.34205627441406,756,226395197.53494263,178
SLB,2020-12-31,19.39283561706543,756,226119204.45251465,179
CCI,2020-12-31,123.28048706054688,756,225476223.6656189,180
ORLY,2020-12-31,30.17133331298828,756,225386434.02385712,181
ICE,2020-12-31,107.3832550048828,756,225026050.41275024,182
CL,2020-12-31,75.08340454101562,756,224277302.75115967,183
KMB,2020-12-31,109.4122085571289,756,222183935.76927185,184
MGM,2020-12-31,31.490339279174805,756,221993496.16003036,185
SPG,2020-12-31,63.925785064697266,756,221049181.66046143,186
BP,2020-12-31,15.587382316589355,756,220435124.46160316,187
LVS,2020-12-31,56.284767150878906,756,220101785.0578308,188
CB,2020-12-31,142.56002807617188,756,219840282.48825073,189
CLX,2020-12-31,168.41505432128906,756,219434794.91882324,190
DUK,2020-12-31,73.99043273925781,756,219102948.35586548,191
SWKS,2020-12-31,131.60836791992188,756,218458879.16412354,192
HLT,2020-12-31,109.77945709228516,756,212117494.27337646,193
PNC,2020-12-31,122.50103759765624,756,211468483.0253601,194
BBY,2020-12-31,78.35551452636719,756,211384370.58792114,195
OPTU,2020-12-31,37.869998931884766,756,211034534.90467072,196
BAX,2020-12-31,72.03529357910156,756,206018552.62069702,197
SYK,2020-12-31,231.47344970703125,756,205868344.69528198,198
ULTA,2020-12-31,287.1600036621094,756,205634134.0713501,199
RH,2020-12-31,447.5199890136719,756,204502837.9928589,200
CNC,2020-12-31,60.029998779296875,756,204444016.32843018,201
TTWO,2020-12-31,207.7899932861328,756,204138708.27941895,202
USB,2020-12-31,36.90409851074219,756,203749693.05725098,203
CME,2020-12-31,146.33619689941406,756,203100532.21817017,204
MET,2020-12-31,39.65697479248047,756,198431271.5034485,205
WDC,2020-12-31,41.67616271972656,756,196054507.67089272,206
CMI,2020-12-31,199.82801818847656,756,194675830.81970215,207
ROP,2020-12-31,415.9646606445313,756,194544944.62280273,208
MPC,2020-12-31,35.96852111816406,756,194219702.39601135,209
KLAC,2020-12-31,24.469696044921875,756,194034372.16949463,210
COF,2020-12-31,89.63431549072266,756,192142370.40252686,211
PLD,2020-12-31,85.32424926757812,756,190410688.47045898,212
VLO,2020-12-31,46.63802337646485,756,188753509.47093964,213
BBBY,2020-12-31,47.970001220703125,756,188049517.363739,214
LHX,2020-12-31,169.4452667236328,756,187526757.48443604,215
EW,2020-12-31,91.2300033569336,756,186984858.0482483,216
CTSH,2020-12-31,74.93486785888672,756,185642551.29852295,217
PGR,2020-12-31,84.17069244384766,756,185342363.0432129,218
HCA,2020-12-31,156.94766235351562,756,184739603.51333618,219
TFC,2020-12-31,37.14122009277344,756,182729531.3741684,220
DPZ,2020-12-31,355.9195861816406,756,182538738.96331787,221
EMR,2020-12-31,71.87144470214844,756,180175308.0810547,222
EXC,2020-12-31,24.780181884765625,756,177714152.4111576,223
AEP,2020-12-31,68.2987289428711,756,177250342.58346558,224
MCO,2020-12-31,277.09844970703125,756,176167565.07873535,225
JCI,2020-12-31,42.09342956542969,756,175527475.60863495,226
SYY,2020-12-31,63.915863037109375,756,173751672.5101471,227
PCG,2020-12-31,12.246334075927734,756,173669437.38250732,228
DLR,2020-12-31,115.77281951904295,756,173308030.89561462,229
LEN,2020-12-31,67.59272766113281,756,173284051.8932991,230
ECL,2020-12-31,203.7484436035156,756,172863993.13659668,231
M,2020-12-31,9.281432151794434,756,171698316.5998459,232
EOG,2020-12-31,38.51259231567383,756,170451694.9046135,233
IDXX,2020-12-31,499.8699951171875,756,170375280.8731079,234
GD,2020-12-31,131.33668518066406,756,170268592.02804565,235
AIG,2020-12-31,33.36042022705078,756,169885655.30776978,236
HAL,2020-12-31,17.11578941345215,756,169410758.16287994,237
MCHP,2020-12-31,61.77091598510742,756,169324118.7839508,238
SO,2020-12-31,50.03330993652344,756,169015842.6700592,239
DHI,2020-12-31,65.19316864013672,756,168822948.179245,240
DLTR,2020-12-31,108.04000091552734,756,168407413.02375793,241
PH,2020-12-31,253.7745819091797,756,168201545.92514038,242
STZ,2020-12-31,199.1396942138672,756,168067746.96655273,243
ON,2020-12-31,32.72999954223633,756,167555571.56038284,244
QDEL,2020-12-31,179.64999389648438,756,167265924.74212646,245
KMI,2020-12-31,10.025979042053224,756,165944072.39041328,246
MDB,2020-12-31,359.0400085449219,756,165909957.76748657,247
EDU,2020-12-31,181.84710693359375,756,165322323.17199707,248
CDNS,2020-12-31,136.42999267578125,756,165243344.9081421,249
BNY,2020-12-31,36.4313850402832,756,164855956.65893555,250
PSX,2020-12-31,56.64864730834961,756,164420527.90203094,251
ROST,2020-12-31,115.67133331298828,756,163755998.4451294,252
APTV,2020-12-31,130.2899932861328,756,163553427.50549313,253
MRSH,2020-12-31,107.56841278076172,756,159513371.80137634,254
APH,2020-12-31,31.110355377197266,756,159402003.4160614,255
CPAY,2020-12-31,272.8299865722656,756,159178958.06427002,256
TSCO,2020-12-31,25.588558197021484,756,157683428.5492897,257
IQV,2020-12-31,179.1699981689453,756,156274148.13842773,258
CZR,2020-12-31,74.2699966430664,756,154652501.02653503,259
TEL,2020-12-31,111.24893188476562,756,153810669.6849823,260
MNST,2020-12-31,46.2400016784668,756,152098286.94458008,261
GNRC,2020-12-31,227.41000366210935,756,152023966.456604,262
SNPS,2020-12-31,259.239990234375,756,150984932.9940796,263
WTW,2020-12-31,195.8843688964844,756,150443786.428833,264
WM,2020-12-31,108.1046371459961,756,149787728.8684845,265
QRVO,2020-12-31,166.27000427246094,756,149527458.2977295,266
MCK,2020-12-31,168.4931182861328,756,149448429.77905273,267
ETN,2020-12-31,109.75818634033205,756,149124349.69863892,268
SRE,2020-12-31,53.562705993652344,756,147090353.57933044,269
KSS,2020-12-31,29.575435638427734,756,146677239.8590088,270
MSCI,2020-12-31,421.02587890625,756,146648394.79675293,271
TT,2020-12-31,135.5975799560547,756,146634213.58947754,272
AKAM,2020-12-31,104.98999786376952,756,146409809.04464722,273
A,2020-12-31,113.84803771972656,756,146046235.21270752,274
TRV,2020-12-31,125.96993255615234,756,146005726.74102783,275
SBAC,2020-12-31,259.6625671386719,756,145583000.02288818,276
ALL,2020-12-31,96.21134948730467,756,145164149.40185547,277
HUBS,2020-12-31,396.44000244140625,756,145028505.6564331,278
GIS,2020-12-31,47.15657424926758,756,144488957.41443634,279
WIX,2020-12-31,249.9600067138672,756,143991149.21875,280
TER,2020-12-31,117.39862060546876,756,141560283.24279785,281
PPG,2020-12-31,129.11288452148438,756,141063430.46417236,282
TDG,2020-12-31,514.3516845703125,756,140872026.31072998,283
ANET,2020-12-31,18.160625457763672,756,139038526.8737793,284
CHGG,2020-12-31,90.33000183105467,756,137812184.3448639,285
ACB,2020-12-31,83.0999984741211,756,137090965.54985046,286
VTRS,2020-12-31,15.07778263092041,756,136854266.370821,287
BALL,2020-12-31,86.95794677734375,756,136749798.3959198,288
STX,2020-12-31,52.681488037109375,756,136593297.14565277,289
MSI,2020-12-31,159.12606811523438,756,136484848.7838745,290
HPQ,2020-12-31,20.16936492919922,756,136165130.3610325,291
PAYC,2020-12-31,440.86279296875,756,135988813.00811768,292
KHC,2020-12-31,26.538890838623047,756,135666256.22253418,293
LYV,2020-12-31,73.4800033569336,756,135623588.97895813,294
DRI,2020-12-31,99.3980941772461,756,135528461.9606018,295
SWK,2020-12-31,148.1605682373047,756,135514104.8965454,296
FE,2020-12-31,24.408971786499023,756,135437362.8473282,297
ZBH,2020-12-31,142.83851623535156,756,135266913.08290482,298
FTNT,2020-12-31,29.70599937438965,756,134704753.57675552,299
AFL,2020-12-31,39.17538833618164,756,132394491.57066345,300
ROK,2020-12-31,228.6973419189453,756,131820229.73098756,301
VFC,2020-12-31,71.45002746582031,756,131785693.51387024,302
APPS,2020-12-31,56.560001373291016,756,131143711.2197876,303
YUM,2020-12-31,97.96788024902344,756,130968336.41433716,304
WELL,2020-12-31,56.156150817871094,756,130789086.44008636,305
WMB,2020-12-31,15.446697235107422,756,130788071.87142372,306
CPRT,2020-12-31,31.8125,756,130337801.51481628,307
CRSP,2020-12-31,153.11000061035156,756,129691096.23718262,308
CSGP,2020-12-31,92.4280014038086,756,129436039.92462158,309
PSA,2020-12-31,182.73878479003903,756,128787823.6114502,310
MTD,2020-12-31,1139.6800537109375,756,128228274.97558594,311
KEYS,2020-12-31,132.08999633789062,756,128168206.77947998,312
DBX,2020-12-31,22.190000534057617,700,127795803.5402298,313
WBD,2020-12-31,30.09000015258789,756,127067189.06879425,314
ED,2020-12-31,59.43855667114258,756,126865752.3853302,315
LBRDK,2020-12-31,148.28651428222656,756,126589017.23313904,316
MKTX,2020-12-31,534.9052124023438,756,125617261.50817871,317
NVCR,2020-12-31,173.0399932861328,756,125261778.88031006,318
XEL,2020-12-31,56.04783248901367,756,124499286.67259216,319
IFF,2020-12-31,94.14005279541016,756,124104969.35844421,320
CTAS,2020-12-31,83.9850845336914,756,123160879.0359497,321
MLM,2020-12-31,274.50274658203125,756,122822423.44970703,322
ALB,2020-12-31,138.3422088623047,756,122659551.91192627,323
GAP,2020-12-31,16.380931854248047,756,122526566.6056633,324
FTV,2020-12-31,52.14357376098633,756,121884202.98365784,325
APPN,2020-12-31,162.08999633789062,756,120289627.39868164,326
FAST,2020-12-31,21.404823303222656,756,119902707.95345306,327
BE,2020-12-31,28.65999984741211,615,119723602.66199112,328
LH,2020-12-31,166.17681884765625,756,118693103.95718384,329
CNK,2020-12-31,17.090015411376953,756,118405365.32621384,330
BX,2020-12-31,53.41193771362305,756,118134789.90020752,331
BURL,2020-12-31,261.54998779296875,756,116697364.95971681,332
MPWR,2020-12-31,351.95770263671875,756,116582468.65539551,333
TSN,2020-12-31,54.48444747924805,756,115992885.73150635,334
AAP,2020-12-31,138.69140625,756,115913400.41503906,335
CHKP,2020-12-31,132.91000366210938,756,115413628.92990112,336
RVTY,2020-12-31,141.6763916015625,756,115399759.765625,337
DGX,2020-12-31,106.63434600830078,756,114717744.42863464,338
ODFL,2020-12-31,95.03562927246094,756,114377929.62417603,339
GLW,2020-12-31,31.269941329956055,756,114268907.7167511,340
POOL,2020-12-31,346.707763671875,756,113969082.38220215,341
CGC,2020-12-31,246.3999938964844,756,113628786.32698059,342
TROW,2020-12-31,118.37694549560548,756,113548384.375,343
EFX,2020-12-31,184.92201232910156,756,112571505.38864136,344
STNE,2020-12-31,69.32772827148438,550,112483961.0239029,345
PEN,2020-12-31,175.0,756,112466953.45916748,346
KMX,2020-12-31,94.45999908447266,756,112097012.4858856,347
SAP,2020-12-31,117.9318618774414,756,111960081.0787201,348
KDP,2020-12-31,27.66995429992676,756,111258625.95338821,349
BKR,2020-12-31,18.218706130981445,756,111086471.22497559,350
VMC,2020-12-31,141.9093780517578,756,110811699.56130981,351
ALLY,2020-12-31,29.980337142944336,756,110810022.64556885,352
TPR,2020-12-31,27.30125617980957,756,110554307.91120529,353
DTE,2020-12-31,86.277099609375,756,110548702.70478058,354
ELAN,2020-12-31,30.670000076293945,575,110496964.50538635,355
NVS,2020-12-31,75.28874969482422,756,110215064.70336914,356
VRSN,2020-12-31,213.16619873046875,756,110064175.00915527,357
PHM,2020-12-31,40.89226913452149,756,109715681.51779175,358
CHD,2020-12-31,81.6885986328125,756,109295526.03874207,359
PAYX,2020-12-31,79.06912994384766,756,108812435.26153564,360
AWK,2020-12-31,137.21664428710938,756,108674826.85012817,361
O,2020-12-31,45.6201057434082,756,108076583.7419548,362
BBWI,2020-12-31,26.630468368530273,756,107959581.573102,363
TLRY,2020-12-31,82.5999984741211,619,107675394.94056702,364
FITB,2020-12-31,22.538843154907227,756,107657140.09399414,365
SIRI,2020-12-31,52.80359649658203,756,107518789.71183777,366
SYF,2020-12-31,30.707977294921875,756,106340106.22711182,367
ADM,2020-12-31,43.24065780639648,756,106295729.20818329,368
STT,2020-12-31,61.358829498291016,756,105589149.21531677,369
PRU,2020-12-31,59.69693756103515,756,103955030.3609848,370
CLF,2020-12-31,14.5600004196167,756,103837254.26716805,371
WST,2020-12-31,279.358642578125,756,103236491.53289795,372
YUMC,2020-12-31,53.40475082397461,756,102598097.7180481,373
VRSK,2020-12-31,200.0066070556641,756,102489184.68933105,374
FANG,2020-12-31,38.73794937133789,756,102401782.94906616,375
DKS,2020-12-31,47.777976989746094,756,102372134.26895142,376
APA,2020-12-31,12.22914695739746,756,102028299.3654728,377
GRWG,2020-12-31,40.220001220703125,731,102001925.14095306,378
FFIV,2020-12-31,175.94000244140625,756,101313560.40344238,379
GWW,2020-12-31,384.9622497558594,756,100931992.72613525,380
ETR,2020-12-31,41.0180549621582,756,100172557.58399963,381
RSG,2020-12-31,89.69573211669922,756,99898183.53805542,382
ZBRA,2020-12-31,384.3299865722656,756,99842428.70941162,383
DELL,2020-12-31,33.800045013427734,756,99029874.56233694,384
RF,2020-12-31,12.944271087646484,756,98853164.1102314,385
GH,2020-12-31,128.8800048828125,565,98845885.20126343,386
OMC,2020-12-31,51.29467010498047,756,98660103.55682373,387
PODD,2020-12-31,255.6300048828125,756,98653925.1739502,388
PCAR,2020-12-31,47.48139572143555,756,98593296.54521942,389
ESTC,2020-12-31,146.1300048828125,564,98166916.9178009,390
PEG,2020-12-31,48.49162292480469,756,97839399.00112152,391
SAM,2020-12-31,994.2899780273438,756,97774218.87817383,392
AMP,2020-12-31,178.80690002441406,756,97554228.17764282,393
WSM,2020-12-31,45.96137619018555,756,97368863.19465637,394
LYB,2020-12-31,63.72297286987305,756,97326768.62792969,395
AME,2020-12-31,116.70520782470705,756,97236114.62631226,396
IP,2020-12-31,37.007667541503906,756,96993142.4447174,397
OKE,2020-12-31,27.95538902282715,756,96468860.44626236,398
EPD,2020-12-31,13.126913070678713,756,96074755.40113449,399
KNX,2020-12-31,39.37471389770508,756,95935707.13348389,400
GEN,2020-12-31,18.525327682495117,756,95730131.9431305,401
CFG,2020-12-31,28.501049041748047,756,95462912.79716492,402
WHR,2020-12-31,138.8252410888672,756,94383095.0958252,403
EXR,2020-12-31,93.56922912597656,756,94121237.67242432,404
CHRW,2020-12-31,82.79983520507812,756,93505304.45404053,405
BUD,2020-12-31,64.68663024902344,756,92925888.53664398,406
PPL,2020-12-31,22.904821395874023,756,92859032.0142746,407
FIVE,2020-12-31,174.97999572753906,756,92322694.60067749,408
XPO,2020-12-31,41.22578811645508,756,91821331.85333252,409
BMRN,2020-12-31,87.69000244140625,756,91431555.62400818,410
ES,2020-12-31,69.86058044433594,756,91285097.2316742,411
RL,2020-12-31,93.26644897460938,756,91243164.0991211,412
INO,2020-12-31,106.1999969482422,756,90315619.42582703,413
CNP,2020-12-31,18.809471130371097,756,90227877.54268646,414
DECK,2020-12-31,47.79666519165039,756,90196844.08493042,415
CSIQ,2020-12-31,51.2400016784668,756,90133557.90290833,416
MAS,2020-12-31,49.732608795166016,756,89974934.84687805,417
HSY,2020-12-31,133.3352508544922,756,89781065.24276733,418
WEC,2020-12-31,76.55134582519531,756,89332060.20050049,419
AES,2020-12-31,19.08308219909668,756,89177915.52400589,420
BIO,2020-12-31,582.9400024414062,756,89084990.39916992,421
ESS,2020-12-31,195.2877197265625,756,88968366.02706909,422
TRU,2020-12-31,96.4305419921875,756,88787516.59355164,423
HST,2020-12-31,11.523439407348633,756,88635814.9717331,424
BWA,2020-12-31,31.459171295166016,756,88595004.98562622,425
PLNT,2020-12-31,77.62999725341797,756,88490386.53831482,426
ARE,2020-12-31,140.91259765625,756,88418777.34069824,427
WY,2020-12-31,26.943359375,756,88275128.01218033,428
HPE,2020-12-31,10.12709140777588,756,88241349.32613373,429
RIOT,2020-12-31,16.989999771118164,756,88211115.6742096,430
CBRE,2020-12-31,62.720001220703125,756,88198218.63002777,431
ENB,2020-12-31,22.732532501220703,756,87681547.88064957,432
UAA,2020-12-31,17.170000076293945,756,87578796.60644531,433
CPRI,2020-12-31,42.0,756,87361081.36825562,434
CP,2020-12-31,66.416748046875,756,87006420.26519775,435
KGC,2020-12-31,6.659107208251953,756,86649468.92647743,436
SU,2020-12-31,13.625901222229004,756,86487772.54633904,437
HDB,2020-12-31,33.56145095825195,756,86477830.966568,438
JBHT,2020-12-31,129.99826049804688,756,85915725.59509277,439
WAT,2020-12-31,247.4199981689453,756,85834480.78536987,440
SRPT,2020-12-31,170.49000549316406,756,85741409.67712402,441
ALK,2020-12-31,52.0,756,85577561.02867126,442
MTB,2020-12-31,107.11795806884766,756,85156585.45761108,443
DVN,2020-12-31,12.051746368408203,756,84864091.45264626,444
CE,2020-12-31,118.9343032836914,756,84545303.39431763,445
AA,2020-12-31,21.945724487304688,756,84498403.5982132,446
PWR,2020-12-31,71.35730743408203,756,84477398.56910706,447
LUMN,2020-12-31,8.44616413116455,756,84330805.56793213,448
CDW,2020-12-31,122.7833251953125,756,84231580.39093018,449
AEE,2020-12-31,66.48970031738281,756,84176392.25921631,450
SFIX,2020-12-31,58.720001220703125,756,84166069.08416748,451
HIG,2020-12-31,43.76717376708984,756,84124080.92918396,452
PPLI,2020-12-31,103.34812927246094,756,83917539.33390808,453
TYL,2020-12-31,436.5199890136719,756,83810407.55615234,454
IBN,2020-12-31,14.369268417358398,756,83554505.91425896,455
VTR,2020-12-31,40.824989318847656,756,83479066.65287018,456
COR,2020-12-31,88.24327087402344,756,83295702.8251648,457
EXPD,2020-12-31,89.36067962646484,756,83121866.44744873,458
FIVN,2020-12-31,174.39999389648438,756,83109649.41101074,459
NTAP,2020-12-31,57.94538116455078,756,82573534.23099518,460
NVR,2020-12-31,4079.860107421875,756,82461598.90136719,461
NDAQ,2020-12-31,41.05952835083008,756,82308017.28458405,462
GDDY,2020-12-31,82.94999694824219,756,81991914.62173462,463
BXP,2020-12-31,71.57754516601562,756,81700158.30535889,464
AJG,2020-12-31,116.5591812133789,756,81514304.94384766,465
ZG,2020-12-31,135.94000244140625,756,80940451.17111206,466
INCY,2020-12-31,86.9800033569336,756,80872498.99368286,467
PVH,2020-12-31,93.07443237304688,756,80707406.48231506,468
KEY,2020-12-31,12.651657104492188,756,80480228.29351425,469
MTN,2020-12-31,225.44430541992188,756,80079938.98010254,470
CAH,2020-12-31,47.25018310546875,756,79442266.9670105,471
KKR,2020-12-31,38.60100173950195,756,79295978.18851471,472
EPAM,2020-12-31,358.3500061035156,756,78664353.68041992,473
BN,2020-12-31,21.03251075744629,756,78663180.18981552,474
CMS,2020-12-31,51.54874038696289,756,78098453.15647125,475
NUE,2020-12-31,48.9167366027832,756,77651000.68664551,476
LAD,2020-12-31,282.4104919433594,756,77008346.36383057,477
TAP,2020-12-31,38.47031784057617,756,77000406.62021637,478
RMD,2020-12-31,202.5962829589844,756,76875731.42547607,479
DOC,2020-12-31,22.45787239074707,756,76850468.98822784,480
LITE,2020-12-31,94.8000030517578,756,76748798.22845459,481
LNG,2020-12-31,57.236202239990234,756,76453522.17330933,482
IR,2020-12-31,45.30601501464844,756,76241289.32151794,483
TFX,2020-12-31,396.3230590820313,756,76229043.17779541,484
BAND,2020-12-31,153.6699981689453,756,75901984.28268433,485
BJ,2020-12-31,37.279998779296875,633,75714765.88745117,486
WCN,2020-12-31,98.75481414794922,756,75664135.95199585,487
RIO,2020-12-31,48.582157135009766,756,75648490.74954987,488
EVRG,2020-12-31,44.686092376708984,756,75580936.7389679,489
TNDM,2020-12-31,95.68000030517578,756,74741592.10891722,490
DVA,2020-12-31,117.4000015258789,756,74558826.05705261,491
BLDP,2020-12-31,23.399999618530273,756,74364680.5595398,492
WAB,2020-12-31,70.97472381591797,756,74133878.41644287,493
HBAN,2020-12-31,9.926377296447754,756,73875211.74688339,494
FNV,2020-12-31,119.32269287109376,756,73441191.05987549,495
ATO,2020-12-31,83.20523071289062,756,73422260.96115112,496
CIEN,2020-12-31,52.849998474121094,756,73418635.9090805,497
QSR,2020-12-31,50.48443603515625,756,73244300.06942749,498
SABR,2020-12-31,12.020000457763672,756,72445355.65946102,499
EQT,2020-12-31,11.871915817260742,756,72378790.44446945,500
CAG,2020-12-31,27.689388275146484,756,72159124.13635254,501
EIX,2020-12-31,48.485595703125,756,72113877.33840942,502
DOV,2020-12-31,117.82798767089844,756,72086931.88362122,503
SJM,2020-12-31,95.95323181152344,756,72060579.83131409,504
FICO,2020-12-31,511.0400085449219,756,71677269.43817139,505
MOS,2020-12-31,20.340869903564453,756,71466689.84451294,506
INVH,2020-12-31,24.90559959411621,756,70892888.14964294,507
MIDD,2020-12-31,103.71681213378906,756,70807016.46072006,508
TTE,2020-12-31,30.73651695251465,756,70793769.45037842,509
NBIX,2020-12-31,95.8499984741211,756,69779246.38824463,510
MKC,2020-12-31,84.68236541748047,756,69723717.82569885,511
PACB,2020-12-31,25.940000534057617,756,69456170.80545425,512
FBIN,2020-12-31,67.3440170288086,756,68951218.72724533,513
JKHY,2020-12-31,151.04042053222656,756,68908935.08911133,514
COO,2020-12-31,90.7857437133789,756,68489254.63867188,515
CF,2020-12-31,34.38677978515625,756,68360153.61003876,516
LDOS,2020-12-31,97.89238739013672,756,68126229.970932,517
MHK,2020-12-31,140.9499969482422,756,68125102.15911864,518
ALLE,2020-12-31,108.18059539794922,756,68107182.68203735,519
MARA,2020-12-31,10.4399995803833,756,67954812.51227856,520
XYL,2020-12-31,95.33673858642578,756,67935596.46835327,521
HWM,2020-12-31,28.126300811767575,756,67911857.90681839,522
AEM,2020-12-31,61.92885208129883,756,67876514.66789246,523
JAZZ,2020-12-31,165.0500030517578,756,67780343.5798645,524
IEX,2020-12-31,185.3899078369141,756,67674015.87982178,525
CRL,2020-12-31,249.86000061035156,756,67604693.17321777,526
HRL,2020-12-31,39.152774810791016,756,67509723.76670837,527
FND,2020-12-31,92.8499984741211,756,67348184.38148499,528
CPB,2020-12-31,38.77864837646485,756,67039715.00167847,529
OLLI,2020-12-31,81.7699966430664,756,66983441.39175415,530
CCK,2020-12-31,94.5693817138672,756,66982203.85169984,531
IRTC,2020-12-31,237.2100067138672,756,66562555.74417114,532
ARWR,2020-12-31,76.7300033569336,756,66555168.51005554,533
VNO,2020-12-31,31.015554428100582,756,66534642.25759506,534
WPM,2020-12-31,39.31092071533203,756,66491396.38404846,535
LII,2020-12-31,256.78656005859375,756,66471456.17980957,536
IVZ,2020-12-31,13.929945945739746,756,66125245.42160034,537
P,2020-12-31,22.61000061035156,756,66115878.180503845,538
NVO,2020-12-31,30.930768966674805,756,66028286.87496185,539
CABO,2020-12-31,2068.42431640625,756,65919172.36328125,540
GRMN,2020-12-31,106.49183654785156,756,65853705.322647095,541
STM,2020-12-31,35.49885559082031,756,65788853.886032104,542
AEO,2020-12-31,17.217945098876953,756,65562622.26400375,543
COHR,2020-12-31,75.95999908447266,756,64543637.981414795,544
PTC,2020-12-31,119.61000061035156,756,64229662.41340637,545
ACM,2020-12-31,47.48634719848633,756,64202133.54263306,546
RGEN,2020-12-31,191.6300048828125,756,63958533.98895264,547
J,2020-12-31,86.0942153930664,756,63755649.65059662,548
TWST,2020-12-31,141.2899932861328,546,63259340.45562744,549
AXTA,2020-12-31,28.549999237060547,756,63068153.39946747,550
NRG,2020-12-31,32.237213134765625,756,62810631.94942474,551
NYT,2020-12-31,48.887821197509766,756,62581375.63991547,552
VOYA,2020-12-31,53.11464309692383,756,62504412.13760376,553
VICI,2020-12-31,19.0153751373291,756,62191276.13363266,554
UHS,2020-12-31,133.6151580810547,756,62122157.26928711,555
BG,2020-12-31,56.62565612792969,756,61799168.72596741,556
ENTG,2020-12-31,94.14813232421876,756,61752315.26565552,557
FDS,2020-12-31,313.95611572265625,756,61614336.097717285,558
LBTYK,2020-12-31,12.38219928741455,756,61573279.547846794,559
FLEX,2020-12-31,13.549359321594238,756,61348644.147835255,560
TOL,2020-12-31,40.88531875610352,756,61035120.73307037,561
COTY,2020-12-31,7.019999980926514,756,60783930.32698631,562
CNI,2020-12-31,98.72440338134766,756,60770546.07086182,563
ALNY,2020-12-31,129.97000122070312,756,60725620.878601074,564
WEX,2020-12-31,203.52999877929688,756,60678717.24090576,565
NTRS,2020-12-31,79.1766357421875,756,60444969.021987915,566
IRM,2020-12-31,23.53577041625977,756,60374542.72518158,567
BEN,2020-12-31,19.15853500366211,756,60278474.392318726,568
DAR,2020-12-31,57.68000030517578,756,60262196.573638916,569
SNA,2020-12-31,148.50814819335938,756,60243117.00897217,570
ACGL,2020-12-31,34.29890823364258,756,59618306.15272522,571
EQH,2020-12-31,22.30292320251465,667,59587890.2258873,572
EAT,2020-12-31,56.56999969482422,756,59559881.9480896,573
BFH,2020-12-31,53.90727233886719,756,59233596.405729294,574
STE,2020-12-31,180.39060974121097,756,59186391.51535034,575
ARMK,2020-12-31,26.04947280883789,756,59170957.90942383,576
AVY,2020-12-31,141.08126831054688,756,59103261.12213135,577
GWRE,2020-12-31,128.72999572753906,756,59089445.59020996,578
HSIC,2020-12-31,66.86000061035156,756,59024192.44441986,579
GPC,2020-12-31,85.82389068603516,756,59003843.46580505,580
NI,2020-12-31,19.10737419128418,756,58766732.9957962,581
CROX,2020-12-31,62.65999984741211,756,58736593.129348755,582
EMN,2020-12-31,82.27127838134766,756,58669601.38587952,583
JLL,2020-12-31,148.3699951171875,756,58577053.634643555,584
FLGT,2020-12-31,52.099998474121094,756,58461195.304870605,585
BR,2020-12-31,139.23770141601562,756,58284077.154541016,586
HOG,2020-12-31,32.68489074707031,756,57924468.75772476,587
NOV,2020-12-31,12.492366790771484,756,57745143.538570404,588
PAGS,2020-12-31,53.904083251953125,741,57317723.95439148,589
LNC,2020-12-31,38.033843994140625,756,57072070.93734741,590
PAAS,2020-12-31,31.30009078979492,756,57049187.92715073,591
UDR,2020-12-31,31.012836456298828,756,56965634.0303421,592
AMC,2020-12-31,21.200000762939453,756,56831541.68921471,593
OC,2020-12-31,68.84539031982422,756,56805250.426483154,594
USFD,2020-12-31,33.310001373291016,756,56629683.58707428,595
PLAY,2020-12-31,30.020000457763672,756,56598901.45177841,596
BLDR,2020-12-31,40.810001373291016,756,56441435.32323837,597
MGNI,2020-12-31,30.709999084472656,756,56251117.11707115,598
BHC,2020-12-31,20.799999237060547,756,55965789.83860016,599
HAS,2020-12-31,75.45956420898438,756,55941154.76989746,600
TECK,2020-12-31,16.901447296142578,756,55918595.79162598,601
VST,2020-12-31,17.63162612915039,756,55825676.83916092,602
LW,2020-12-31,71.272705078125,756,55765590.65551758,603
MT,2020-12-31,21.101388931274418,756,55655688.190317154,604
UPWK,2020-12-31,34.52000045776367,566,55549176.71966553,605
PFG,2020-12-31,40.722110748291016,756,55275718.92776489,606
IT,2020-12-31,160.19000244140625,756,54986820.304870605,607
CAR,2020-12-31,35.43899917602539,756,54935888.995456696,608
PNW,2020-12-31,62.86720657348633,756,54914624.70703125,609
SSNC,2020-12-31,67.70973205566406,756,54870619.79312897,610
LEA,2020-12-31,140.629638671875,756,54806390.4548645,611
WING,2020-12-31,124.82364654541016,756,54693880.88226318,612
WU,2020-12-31,14.36232089996338,756,54634025.994968414,613
PCTY,2020-12-31,205.91000366210935,756,54382460.345458984,614
SGI,2020-12-31,25.5408878326416,756,54297002.140522,615
TDY,2020-12-31,391.9800109863281,756,53897311.740112305,616
TD,2020-12-31,45.0339469909668,756,53611108.076667786,617
SHAK,2020-12-31,84.77999877929688,756,53545553.0960083,618
TXRH,2020-12-31,71.14334869384766,756,53510052.11105347,619
ROL,2020-12-31,36.45831298828125,756,53434082.76786804,620
THO,2020-12-31,83.0456771850586,756,53198583.83102417,621
ZION,2020-12-31,36.08719253540039,756,53016904.16107178,622
PKG,2020-12-31,117.33332061767578,756,53003562.57476807,623
DINO,2020-12-31,21.712427139282227,756,52731884.92183685,624
AYI,2020-12-31,119.26455688476562,756,52688128.41644287,625
AXON,2020-12-31,122.52999877929688,756,52365302.91099548,626
LNT,2020-12-31,43.13154983520508,756,52307573.429107666,627
STLD,2020-12-31,33.866546630859375,756,52307079.465293884,628
PNR,2020-12-31,49.438087463378906,756,51906690.14129639,629
SONO,2020-12-31,23.38999938964844,609,51841013.95821571,630
CPT,2020-12-31,82.83435821533203,756,51641517.124176025,631
YETI,2020-12-31,68.47000122070312,550,51319963.42601776,632
MKL,2020-12-31,1033.300048828125,756,51307733.73413086,633
AG,2020-12-31,13.254842758178713,756,51264491.821575165,634
TRIP,2020-12-31,28.780000686645508,756,51247234.35630798,635
RACE,2020-12-31,219.51187133789065,756,51113707.498168945,636
MSTR,2020-12-31,38.85499954223633,756,51072534.7328186,637
TREE,2020-12-31,273.7900085449219,756,50914147.03216553,638
APO,2020-12-31,43.36946487426758,756,50875770.16544342,639
LKQ,2020-12-31,30.96579360961914,756,50825897.664642334,640
OLED,2020-12-31,217.30856323242188,756,50717854.25415038,641
BAH,2020-12-31,78.54344940185547,756,50711553.354644775,642
CINF,2020-12-31,76.34326934814453,756,50445533.41331482,643
BF.B,2020-12-31,70.82994842529297,756,50242126.85394287,644
LOGI,2020-12-31,89.88420867919922,756,50194041.04347229,645
TXNM,2020-12-31,40.82748031616211,756,50168255.176353455,646
EG,2020-12-31,210.06834411621097,756,50009372.10998535,647
TRP,2020-12-31,30.983713150024418,756,49883266.05243683,648
MOH,2020-12-31,212.67999267578125,756,49870526.528167725,649
FMC,2020-12-31,97.12393951416016,756,49799465.24810791,650
COLD,2020-12-31,30.03789329528809,744,49589270.890045166,651
TRMB,2020-12-31,66.7699966430664,756,49405834.31472778,652
HALO,2020-12-31,42.709999084472656,756,49341024.40776825,653
AER,2020-12-31,44.62908935546875,756,49307039.375305176,654
PII,2020-12-31,79.90869903564453,756,49266629.32701111,655
NTNX,2020-12-31,31.8700008392334,756,49138902.671813965,656
RARE,2020-12-31,138.42999267578125,756,48751494.329833984,657
ACAD,2020-12-31,53.459999084472656,756,48416049.901771545,658
FTI,2020-12-31,6.854538917541504,756,48326888.19893217,659
DXC,2020-12-31,25.75,756,48267025.19302368,660
DEO,2020-12-31,137.1153106689453,756,48177205.97305298,661
UA,2020-12-31,14.880000114440918,756,48080483.1121788,662
AGCO,2020-12-31,86.36583709716797,756,47974917.78564453,663
GNTX,2020-12-31,30.775043487548828,756,47635007.460689545,664
TREX,2020-12-31,83.72000122070312,756,47581409.19036865,665
IOVA,2020-12-31,46.400001525878906,756,47363915.81993103,666
TXT,2020-12-31,48.04819869995117,756,47216876.5581131,667
NTR,2020-12-31,40.76546096801758,756,47077441.25747681,668
BL,2020-12-31,133.3800048828125,756,46841126.62086487,669
RHI,2020-12-31,51.22833251953125,756,46733744.47288513,670
AU,2020-12-31,19.20268440246582,756,46646960.96572876,671
AOS,2020-12-31,49.56486511230469,756,46531129.49733734,672
HSBC,2020-12-31,18.56382751464844,756,46508235.37359238,673
MAT,2020-12-31,17.450000762939453,756,46373784.05456543,674
CDLX,2020-12-31,1427.699951171875,729,46104355.70800781,675
SLG,2020-12-31,42.75352478027344,756,46072641.78718758,676
CCEP,2020-12-31,42.47605895996094,756,45954050.06065369,677
FATE,2020-12-31,90.93000030517578,756,45727290.08369446,678
EQNR,2020-12-31,11.108306884765623,756,45438063.62662315,679
HII,2020-12-31,151.1692352294922,756,45352897.73864746,680
RNR,2020-12-31,159.1763458251953,756,45290179.023742676,681
FRT,2020-12-31,67.74678039550781,756,45167400.8266449,682
XRAY,2020-12-31,46.89582824707031,756,45163235.43052673,683
VRT,2020-12-31,18.581159591674805,609,45036393.378162384,684
RJF,2020-12-31,58.75872802734375,756,45014697.0076561,685
FHN,2020-12-31,10.564508438110352,756,44879957.78679848,686
CACC,2020-12-31,346.1400146484375,756,44825817.05932617,687
CGNX,2020-12-31,77.63671875,756,44742168.73283386,688
BC,2020-12-31,68.27923583984375,756,44670539.20631409,689
ELS,2020-12-31,54.56331634521485,756,44522955.643081665,690
TRGP,2020-12-31,23.640819549560547,756,44448959.63611603,691
FNF,2020-12-31,29.177827835083008,756,44348985.67973137,692
OMCL,2020-12-31,120.0199966430664,756,44312743.31741333,693
NTRA,2020-12-31,99.5199966430664,756,44147354.71878052,694
IPGP,2020-12-31,223.7899932861328,756,44128868.631744385,695
LPLA,2020-12-31,101.42538452148438,756,43874897.412872314,696
EBS,2020-12-31,89.5999984741211,756,43790627.13432312,697
CNQ,2020-12-31,9.204237937927246,756,43758035.91632891,698
MTZ,2020-12-31,68.18000030517578,756,43669394.8015213,699
BTI,2020-12-31,24.68370819091797,756,43645704.48246002,700
HEI,2020-12-31,131.5555419921875,756,43598645.611572266,701
QTWO,2020-12-31,126.52999877929688,756,43158223.14796448,702
RY,2020-12-31,68.04751586914062,756,42921414.627838135,703
AGNC,2020-12-31,7.521788597106934,756,42868302.03974247,704
KODK,2020-12-31,8.140000343322754,756,42867647.181773186,705
HQY,2020-12-31,69.70999908447266,756,42617279.3132782,706
SFM,2020-12-31,20.100000381469727,756,42575445.12214661,707
BAP,2020-12-31,125.76177978515624,756,42562395.124053955,708
AMCR,2020-12-31,46.520973205566406,756,42395269.70832825,709
NLY,2020-12-31,16.362194061279297,756,42139405.4533124,710
TRUP,2020-12-31,119.70999908447266,756,42029931.92367554,711
ST,2020-12-31,49.90055084228515,756,41973413.575172424,712
LAR,2020-12-31,5.052334785461426,756,41933990.81975508,713
LPX,2020-12-31,34.53600311279297,756,41831241.50543213,714
MGA,2020-12-31,59.390403747558594,756,41697771.04282379,715
H,2020-12-31,73.22040557861328,756,41676123.58703613,716
HXL,2020-12-31,46.637332916259766,756,41566988.43154907,717
PFGC,2020-12-31,47.61000061035156,756,41564339.58816528,718
PZZA,2020-12-31,72.59908294677734,756,41520459.57260132,719
AIZ,2020-12-31,123.9834442138672,756,41487187.11929321,720
OVV,2020-12-31,12.612120628356934,756,41203004.784584045,721
ARCT,2020-12-31,43.380001068115234,756,40442955.97076416,722
PFSI,2020-12-31,61.301124572753906,756,40359625.1789093,723
AN,2020-12-31,69.79000091552734,756,40308599.31716919,724
TGTX,2020-12-31,52.02000045776367,756,40015538.42687607,725
CHDN,2020-12-31,95.81192779541016,756,39898608.069610596,726
MTG,2020-12-31,11.051763534545898,756,39894153.240680695,727
HRB,2020-12-31,13.108709335327148,756,39881536.79161072,728
VRNS,2020-12-31,54.53666687011719,756,39802109.45606232,729
BYD,2020-12-31,40.98477554321289,756,39616907.30819702,730
HELE,2020-12-31,222.19000244140625,756,39458771.41418457,731
URBN,2020-12-31,25.600000381469727,756,39457466.498565674,732
HUBB,2020-12-31,143.45535278320312,756,39362744.39347839,733
EHTH,2020-12-31,70.61000061035156,756,39349839.75715637,734
NTLA,2020-12-31,54.400001525878906,756,39130568.25017929,735
CNX,2020-12-31,10.800000190734863,756,38990421.208810806,736
AGNT,2020-12-31,29.100292205810547,731,38933623.45085144,737
LPSN,2020-12-31,933.4500122070312,756,38919783.41586304,738
HLF,2020-12-31,48.04999923706055,756,38880005.879592896,739
ORA,2020-12-31,87.36331176757812,756,38802706.034469604,740
EXEL,2020-12-31,20.06999969482422,756,38778587.66517639,741
SCCO,2020-12-31,49.19552993774414,756,38774018.33748627,742
RGA,2020-12-31,103.2298355102539,756,38747518.61228943,743
RRC,2020-12-31,6.429487705230713,756,38625526.5953064,744
IIPR,2020-12-31,115.34193420410156,756,38337119.384765625,745
TECH,2020-12-31,77.50148010253906,756,38298512.561035156,746
OSK,2020-12-31,78.77953338623047,756,38262609.948349,747
ICLR,2020-12-31,194.97999572753903,756,38219755.64651489,748
UNM,2020-12-31,19.20933723449707,756,38206538.409137726,749
ZD,2020-12-31,84.94782257080078,756,38112244.75444794,750
EEFT,2020-12-31,144.9199981689453,756,38058593.87969971,751
RPD,2020-12-31,90.16000366210938,756,37865876.68304443,752
CALY,2020-12-31,24.010000228881836,756,37865637.79745102,753
GOOS,2020-12-31,29.770000457763672,756,37842628.07159424,754
MPT,2020-12-31,13.924005508422852,756,37828571.39325141,755
POST,2020-12-31,66.10601806640625,756,37818568.973573685,756
KBH,2020-12-31,30.75175666809082,756,37669227.22635269,757
SMG,2020-12-31,163.89389038085938,756,37592410.74142456,758
BRO,2020-12-31,45.60019302368164,756,37505303.21674347,759
QLYS,2020-12-31,121.87000274658205,756,37449237.07733154,760
ALTO,2020-12-31,5.429999828338623,756,37410190.653419495,761
RAMP,2020-12-31,73.19000244140625,756,37200953.200149536,762
ARW,2020-12-31,97.3000030517578,756,37131072.2366333,763
AR,2020-12-31,5.449999809265137,756,37007171.99879885,764
FCN,2020-12-31,111.72000122070312,756,36705403.40881348,765
DNLI,2020-12-31,83.76000213623047,756,36692193.72615814,766
NWL,2020-12-31,16.46601104736328,756,36663096.66633606,767
WRB,2020-12-31,25.93431282043457,756,36662169.74050999,768
CLVT,2020-12-31,29.709999084472656,548,36603493.34669113,769
MTH,2020-12-31,38.82656478881836,756,36594977.24494934,770
ALSN,2020-12-31,39.56416702270508,756,36547595.95870972,771
RGLD,2020-12-31,99.50872039794922,756,36511890.01197815,772
INSP,2020-12-31,188.08999633789065,672,36357620.626068115,773
DLB,2020-12-31,89.44064331054688,756,36353978.91845703,774
SNX,2020-12-31,76.10330200195312,756,36240624.71008301,775
HL,2020-12-31,6.311755180358887,756,36063533.19277763,776
NNN,2020-12-31,30.648677825927734,756,35956740.919685364,777
KRC,2020-12-31,42.874420166015625,756,35868414.28222656,778
BNS,2020-12-31,40.82916641235352,756,35837577.2233963,779
SQM,2020-12-31,39.56116485595703,756,35763777.363586426,780
CHE,2020-12-31,522.42626953125,756,35593803.61633301,781
KOD,2020-12-31,146.91000366210938,565,35526269.71511841,782
RPM,2020-12-31,82.11914825439453,756,35501898.01940918,783
EDIT,2020-12-31,70.11000061035156,756,35402119.83089447,784
CASY,2020-12-31,172.976318359375,756,35190096.09375,785
PRLB,2020-12-31,153.39999389648438,756,35031025.48751831,786
WTRG,2020-12-31,40.20713424682617,756,34832994.69413757,787
QGEN,2020-12-31,52.157283782958984,756,34814147.20921898,788
CSL,2020-12-31,147.0186309814453,756,34784373.03619385,789
EHC,2020-12-31,62.112979888916016,756,34737633.892887115,790
GTLS,2020-12-31,117.79000091552734,756,34663729.39147949,791
WEN,2020-12-31,17.162206649780273,756,34395092.6407814,792
CRI,2020-12-31,76.79649353027344,756,34382636.80725098,793
NDSN,2020-12-31,188.86668395996097,756,34357581.31561279,794
EWBC,2020-12-31,44.218482971191406,756,34162404.90875244,795
DOX,2020-12-31,62.676944732666016,756,34105515.848350525,796
MUR,2020-12-31,10.126738548278809,756,34046826.5188694,797
GL,2020-12-31,90.49886322021484,756,33953819.91767883,798
WPC,2020-12-31,50.38841247558594,756,33504196.40704727,799
MKSI,2020-12-31,144.49050903320312,756,33484838.021850586,800
GGG,2020-12-31,67.6291275024414,756,33336014.71710205,801
LSCC,2020-12-31,45.81999969482422,756,33299076.30882263,802
SLM,2020-12-31,11.025464057922363,756,33162896.19588852,803
OLN,2020-12-31,21.893110275268555,756,33146865.77358246,804
LBTYA,2020-12-31,12.478103637695312,756,33127124.729412556,805
WGO,2020-12-31,52.668304443359375,756,32876823.076820374,806
HAE,2020-12-31,118.75,756,32860452.90222168,807
STAA,2020-12-31,79.22000122070312,756,32771507.746887207,808
CX,2020-12-31,5.0595293045043945,756,32707127.220582962,809
CWH,2020-12-31,20.30037498474121,756,32590047.271347046,810
PK,2020-12-31,11.581136703491213,756,32504861.839962006,811
CBRL,2020-12-31,107.2804183959961,756,32373114.198303223,812
GLOB,2020-12-31,217.61000061035156,756,32283785.176086426,813
CARG,2020-12-31,31.729999542236328,756,32079673.590564728,814
L,2020-12-31,44.13312149047851,756,31993931.941223145,815
WAL,2020-12-31,53.58384704589844,756,31959011.20414734,816
CAKE,2020-12-31,33.05767822265625,756,31860206.60686493,817
CACI,2020-12-31,249.3300018310547,756,31848283.67614746,818
THC,2020-12-31,39.93000030517578,756,31847433.576107025,819
NWSA,2020-12-31,17.111862182617188,756,31799596.93212509,820
FRPT,2020-12-31,141.99000549316406,756,31731542.66357422,821
JBL,2020-12-31,41.71072769165039,756,31564930.500984192,822
REG,2020-12-31,36.59839630126953,756,31539039.707183838,823
CVE,2020-12-31,5.394450664520264,756,31389107.960677147,824
SAIA,2020-12-31,180.8000030517578,756,31287535.468292236,825
LSTR,2020-12-31,119.8443374633789,756,31283899.257659912,826
CDNA,2020-12-31,72.44999694824219,756,31223618.49746704,827
AMCX,2020-12-31,35.77000045776367,756,31201453.376960754,828
CRUS,2020-12-31,82.19999694824219,756,31193023.63204956,829
TOON,2020-12-31,13.800000190734863,756,31106199.79215145,830
RS,2020-12-31,109.46735382080078,756,31093132.37991333,831
AMBA,2020-12-31,91.81999969482422,756,31036966.413497925,832
WMS,2020-12-31,81.53690338134766,756,31024424.576568604,833
INGR,2020-12-31,67.38450622558594,756,30788260.406684875,834
CDE,2020-12-31,10.338390350341797,756,30653206.51817322,835
AMG,2020-12-31,101.56548309326172,756,30638099.97253418,836
OHI,2020-12-31,23.528583526611328,756,30615873.621082306,837
SITE,2020-12-31,158.6300048828125,756,30544870.643615723,838
PRG,2020-12-31,51.80511474609375,756,30233688.854866028,839
CELH,2020-12-31,16.770000457763672,756,30210297.463846207,840
XRX,2020-12-31,16.649131774902344,756,30055714.62841034,841
GMED,2020-12-31,65.22000122070312,756,29958227.400016785,842
PRGO,2020-12-31,36.418155670166016,756,29952237.329483032,843
SYNA,2020-12-31,96.4000015258789,756,29952184.286499023,844
NXST,2020-12-31,91.9222412109375,756,29933553.76815796,845
FAF,2020-12-31,42.72127151489258,756,29801943.04447174,846
CUBE,2020-12-31,26.3963623046875,756,29801640.962600708,847
MAC,2020-12-31,8.354422569274902,756,29730329.865837097,848
ACIW,2020-12-31,38.43000030517578,756,29667861.43951416,849
EVR,2020-12-31,99.19429779052734,756,29658666.021728516,850
TENB,2020-12-31,52.2599983215332,614,29603517.63191223,851
GT,2020-12-31,10.90999984741211,756,29540047.94383049,852
FWONK,2020-12-31,41.187713623046875,756,29488052.86789131,853
IBKR,2020-12-31,14.778767585754396,756,29332764.556884766,854
CYRX,2020-12-31,43.880001068115234,756,29321761.122703552,855
SIG,2020-12-31,25.72612190246582,756,29138342.012691498,856
FCNCA,2020-12-31,563.872314453125,756,29096738.12866211,857
ACH,2020-12-31,27.041784286499023,756,29066432.56816864,858
TTEK,2020-12-31,22.35033416748047,756,29063040.008068085,859
GPRO,2020-12-31,8.279999732971191,756,29005959.43593979,860
AWI,2020-12-31,70.4448471069336,756,28980074.602508545,861
GPK,2020-12-31,15.245482444763184,756,28935506.27307892,862
NEO,2020-12-31,53.84000015258789,756,28924810.38169861,863
BB,2020-12-31,6.630000114440918,756,28794810.12840271,864
PBF,2020-12-31,6.36355447769165,756,28699399.97215271,865
SCI,2020-12-31,44.902244567871094,756,28614467.14477539,866
UBS,2020-12-31,12.040533065795898,756,28600135.092258453,867
TTC,2020-12-31,87.11004638671875,756,28596585.354232788,868
KNSL,2020-12-31,198.0281524658203,756,28559402.912139893,869
JACK,2020-12-31,83.3436508178711,756,28554031.76498413,870
BRX,2020-12-31,12.809972763061523,756,28553338.80314827,871
FLG,2020-12-31,25.612829208374023,756,28533444.721263885,872
WSO,2020-12-31,193.98269653320312,756,28511068.522644043,873
LEG,2020-12-31,35.71303176879883,756,28497452.027893066,874
PEGA,2020-12-31,65.853515625,756,28445794.849395752,875
EXP,2020-12-31,98.3430633544922,756,28439863.075637817,876
BLMN,2020-12-31,16.38237190246582,756,28429560.47143936,877
KBR,2020-12-31,29.06651496887207,756,28394647.396087646,878
PRTS,2020-12-31,123.9000015258789,756,28394463.01589966,879
SWBI,2020-12-31,14.61054229736328,756,28355469.981861115,880
WH,2020-12-31,53.91630554199219,660,28328296.090316772,881
MAN,2020-12-31,73.3707504272461,756,28316088.194274902,882
G,2020-12-31,38.43673324584961,756,28310515.840148926,883
AZTA,2020-12-31,67.56063079833984,756,28247126.43661499,884
TKR,2020-12-31,70.55767059326172,756,28056526.07345581,885
ANF,2020-12-31,20.36000061035156,756,27746444.81201172,886
VYX,2020-12-31,23.04907989501953,756,27716651.41938734,887
DB,2020-12-31,9.434525489807127,756,27618884.344768524,888
DDD,2020-12-31,10.479999542236328,756,27607527.08182335,889
SF,2020-12-31,30.561016082763672,756,27491207.266116142,890
DEI,2020-12-31,22.00997734069824,756,27489654.03318405,891
HPP,2020-12-31,139.67681884765625,756,27437750.438339233,892
MUSA,2020-12-31,127.09149932861328,756,27430295.148468018,893
WERN,2020-12-31,36.260833740234375,756,27429847.86567688,894
TKO,2020-12-31,44.49910354614258,756,27389638.71822357,895
CRON,2020-12-31,6.940000057220459,718,27262409.125638008,896
VVV,2020-12-31,22.40694999694824,756,27259901.59292221,897
YELP,2020-12-31,32.66999816894531,756,27225737.727165222,898
VC,2020-12-31,124.0076675415039,756,27189352.228546143,899
MTDR,2020-12-31,11.138463020324709,756,27115835.31141281,900
BOX,2020-12-31,18.049999237060547,756,27084079.373931885,901
MFC,2020-12-31,13.988759994506836,756,27035320.816993713,902
OPLN,2020-12-31,18.61000061035156,756,27004123.998355865,903
EGO,2020-12-31,13.218392372131348,756,26951298.52194786,904
VAC,2020-12-31,117.40170288085938,756,26947047.99308777,905
MEDP,2020-12-31,139.1999969482422,756,26939172.257232666,906
HUN,2020-12-31,20.26289939880371,756,26790873.846530914,907
BMO,2020-12-31,61.29525375366211,756,26517454.24156189,908
ALV,2020-12-31,79.91922760009766,756,26381831.9606781,909
LGIH,2020-12-31,105.8499984741211,756,26307930.77507019,910
GKOS,2020-12-31,75.26000213623047,756,26262066.709709167,911
JEF,2020-12-31,19.955886840820312,756,26212201.383127213,912
SEIC,2020-12-31,53.47475814819336,756,26200413.548088074,913
GLPI,2020-12-31,29.970293045043945,756,26159501.00917816,914
WCC,2020-12-31,76.05730438232422,756,26034251.96456909,915
INSM,2020-12-31,33.290000915527344,756,25992557.063674927,916
ALRM,2020-12-31,103.4499969482422,756,25951689.45465088,917
ENOV,2020-12-31,65.81755828857422,756,25914516.61490822,918
ASH,2020-12-31,71.36016082763672,756,25855329.913330078,919
MMS,2020-12-31,67.2477035522461,756,25837447.72720337,920
PLCE,2020-12-31,50.099998474121094,756,25779038.663578033,921
RDN,2020-12-31,17.01166534423828,756,25705791.798448563,922
RRX,2020-12-31,111.24707794189452,756,25684078.399658203,923
WSC,2020-12-31,22.770668029785156,756,25657991.03126526,924
WWD,2020-12-31,117.53726959228516,756,25570172.290802002,925
FLS,2020-12-31,33.02349090576172,756,25418749.090862274,926
MANH,2020-12-31,105.18000030517578,756,25349204.009628296,927
ESNT,2020-12-31,39.04825592041016,756,25307377.840042114,928
LAMR,2020-12-31,63.95564270019531,756,25255716.69254303,929
RBA,2020-12-31,63.336639404296875,756,25193120.59173584,930
SSRM,2020-12-31,19.156923294067383,756,25173679.86755371,931
SAIC,2020-12-31,87.17208862304688,756,25038870.978546143,932
REXR,2020-12-31,41.283470153808594,756,25013539.472961426,933
BCE,2020-12-31,29.656116485595703,756,24935536.027526855,934
FMX,2020-12-31,65.30939483642578,756,24870313.354110718,935
DY,2020-12-31,75.5199966430664,756,24788660.718536377,936
GDOT,2020-12-31,55.79999923706055,756,24664337.41760254,937
LIVN,2020-12-31,66.20999908447266,756,24630094.2527771,938
ADNT,2020-12-31,34.77000045776367,756,24609907.999038696,939
OGE,2020-12-31,24.802169799804688,756,24572967.178821564,940
PTCT,2020-12-31,61.029998779296875,756,24442574.73602295,941
TMHC,2020-12-31,25.649999618530273,756,24375482.592201233,942
COLM,2020-12-31,80.29299926757812,756,24361562.587738037,943
VIAV,2020-12-31,14.979999542236328,756,24259346.593379974,944
GRPN,2020-12-31,37.9900016784668,756,24208166.332244873,945
AGIO,2020-12-31,43.33000183105469,756,24176010.724639893,946
VCYT,2020-12-31,48.939998626708984,756,24165970.14312744,947
ITT,2020-12-31,72.68331146240234,756,24154954.959487915,948
ANGI,2020-12-31,132.0,756,24130406.640472412,949
ALGT,2020-12-31,182.9078063964844,756,23865007.86895752,950
LGND,2020-12-31,62.03992462158203,756,23864280.36166191,951
BRKR,2020-12-31,53.13671112060547,756,23842953.790283203,952
SLAB,2020-12-31,127.33999633789062,756,23766218.241882324,953
HASI,2020-12-31,48.4682502746582,756,23727581.50730133,954
EGHT,2020-12-31,34.470001220703125,756,23647942.53616333,955
ADC,2020-12-31,52.738487243652344,756,23516072.830200195,956
MSGS,2020-12-31,175.85548400878906,756,23480990.941619873,957
ING,2020-12-31,6.545815467834473,756,23462182.98435211,958
HEI.A,2020-12-31,116.14422607421876,756,23390446.28944397,959
ASND,2020-12-31,166.77999877929688,756,23371386.44180298,960
FLR,2020-12-31,15.970000267028809,756,23365865.39874077,961
KEX,2020-12-31,51.83000183105469,756,23328218.230247498,962
CXT,2020-12-31,24.914926528930664,756,23303825.046974182,963
MCRB,2020-12-31,490.0,756,23194630.205230713,964
BCO,2020-12-31,67.72432708740234,756,23173059.450149536,965
STWD,2020-12-31,11.460200309753418,756,22939191.022109985,966
NOMD,2020-12-31,22.81295394897461,756,22844820.236206055,967
PCRX,2020-12-31,59.84000015258789,756,22797276.745414734,968
IART,2020-12-31,64.91999816894531,756,22771385.271835327,969
FOXF,2020-12-31,105.70999908447266,756,22766963.24157715,970
CG,2020-12-31,26.48562812805176,756,22722066.151428223,971
KURA,2020-12-31,32.65999984741211,756,22504386.629867554,972
UGI,2020-12-31,27.262340545654297,756,22463182.241821293,973
TRI,2020-12-31,73.73555755615234,756,22406237.38471222,974
POR,2020-12-31,34.08634948730469,756,22351408.226776123,975
GPI,2020-12-31,126.37606811523438,756,22335346.060943604,976
ABG,2020-12-31,145.74000549316406,756,22313838.346862793,977
LECO,2020-12-31,107.13043212890624,756,22300093.013763428,978
EYE,2020-12-31,45.290000915527344,756,22230137.106513977,979
STAG,2020-12-31,24.985157012939453,756,22190071.198368073,980
GOGO,2020-12-31,9.630000114440918,756,22106631.820583344,981
GEO,2020-12-31,8.603930473327637,756,22096402.373170853,982
ALLO,2020-12-31,25.239999771118164,560,22047963.21554184,983
DCI,2020-12-31,51.412017822265625,756,21922753.231811523,984
FIZZ,2020-12-31,37.30965423583984,756,21861206.95991516,985
AGI,2020-12-31,8.380219459533691,756,21592730.23996353,986
EGP,2020-12-31,117.56218719482422,756,21495330.377197266,987
LFUS,2020-12-31,241.54086303710935,756,21490288.496398926,988
ADT,2020-12-31,6.88598108291626,744,21451969.54102516,989
HHH,2020-12-31,75.24308776855469,756,21444375.13628006,990
ATI,2020-12-31,16.770000457763672,756,21426566.68319702,991
FSM,2020-12-31,8.239999771118164,756,21396372.836589813,992
ALKS,2020-12-31,19.950000762939453,756,21373002.0485878,993
EME,2020-12-31,89.7345199584961,756,21356855.797576904,994
LRN,2020-12-31,21.229999542236328,756,21324361.42873764,995
HIW,2020-12-31,27.26720428466797,756,21248648.022460938,996
KPTI,2020-12-31,232.1999969482422,756,21216527.362716675,997
TCBI,2020-12-31,59.38039016723633,756,21173925.331497192,998
CMC,2020-12-31,18.93680191040039,756,21115459.220695496,999
FR,2020-12-31,36.31855010986328,756,21110297.71003723,1000
EPR,2020-12-31,22.728931427001953,756,21015049.091148376,1001
BCRX,2020-12-31,7.449999809265137,756,20992681.348371506,1002
INSG,2020-12-31,154.6999969482422,756,20869321.037902832,1003
AXSM,2020-12-31,81.47000122070312,756,20861949.588012695,1004
CNMD,2020-12-31,107.31366729736328,756,20842885.88142395,1005
CFR,2020-12-31,74.26840209960938,756,20766745.46813965,1006
BCS,2020-12-31,6.659183502197266,756,20716773.299074173,1007
VSAT,2020-12-31,32.650001525878906,756,20577118.948173523,1008
BWXT,2020-12-31,56.54779052734375,756,20537013.922309875,1009
MED,2020-12-31,172.7930145263672,756,20527150.78125,1010
SBSW,2020-12-31,12.468175888061523,756,20508789.21890259,1011
ZWS,2020-12-31,18.127750396728516,756,20395333.12901306,1012
R,2020-12-31,53.72191619873047,756,20390961.39240265,1013
POWI,2020-12-31,77.00919342041016,756,20372421.437072754,1014
CUZ,2020-12-31,25.952131271362305,756,20240541.62425995,1015
AFG,2020-12-31,51.41147232055664,756,20064079.500579834,1016
ICUI,2020-12-31,214.4900054931641,756,20007656.468963623,1017
SMTC,2020-12-31,72.08999633789062,756,19998487.22229004,1018
TDC,2020-12-31,22.469999313354492,756,19965586.03038788,1019
ESI,2020-12-31,16.487655639648438,756,19935290.60754776,1020
ITRI,2020-12-31,95.9000015258789,756,19909729.042816162,1021
AMN,2020-12-31,68.25,756,19905630.293655396,1022
SON,2020-12-31,48.42203521728515,756,19902390.788650513,1023
FTDR,2020-12-31,50.209999084472656,580,19863890.401268005,1024
CBSH,2020-12-31,49.05537414550781,756,19843554.059886932,1025
MSM,2020-12-31,68.07149505615234,756,19798999.423599243,1026
ACHC,2020-12-31,50.2599983215332,756,19720990.083885193,1027
IDA,2020-12-31,81.56280517578125,756,19666490.67993164,1028
WK,2020-12-31,91.62000274658205,756,19612062.1843338,1029
SHOO,2020-12-31,31.319501876831055,756,19602376.628112793,1030
CCJ,2020-12-31,13.23586654663086,756,19600251.567935944,1031
BPOP,2020-12-31,48.27510452270508,756,19556024.24583435,1032
RHP,2020-12-31,57.7431640625,756,19554531.82182312,1033
LOPE,2020-12-31,93.11000061035156,756,19531507.60574341,1034
TM,2020-12-31,136.19717407226562,756,19512355.28831482,1035
SHO,2020-12-31,9.964556694030762,756,19502799.301600456,1036
STLA,2020-12-31,11.233036041259766,756,19424226.902389526,1037
MDU,2020-12-31,8.563514709472656,756,19377177.396197557,1038
ATR,2020-12-31,127.59884643554688,756,19364388.480758667,1039
RITM,2020-12-31,5.796398639678955,756,19345962.023591995,1040
CHH,2020-12-31,101.77059936523438,756,19291628.829956055,1041
AGO,2020-12-31,28.869739532470703,756,19259015.250968933,1042
MORN,2020-12-31,223.24285888671875,756,19230477.569580078,1043
FLWS,2020-12-31,26.0,756,19226800.0,1044
DBRG,2020-12-31,19.00638008117676,756,19120945.30723095,1045
IBP,2020-12-31,93.00080108642578,756,19098522.679138184,1046
PBA,2020-12-31,17.80859375,756,19080523.06203842,1047
MD,2020-12-31,24.540000915527344,756,18913721.252822876,1048
REZI,2020-12-31,21.260000228881836,548,18770216.243171692,1049
CPA,2020-12-31,64.14471435546875,756,18767975.365447998,1050
SMPL,2020-12-31,31.36000061035156,756,18755845.588111877,1051
BTAI,2020-12-31,739.2000122070312,711,18721481.049926758,1052
MRCY,2020-12-31,88.05999755859375,756,18699627.8175354,1053
LPRO,2020-12-31,34.959999084472656,699,18692161.58838272,1054
WLK,2020-12-31,74.5832748413086,756,18621247.469329834,1055
UI,2020-12-31,264.2364501953125,756,18600539.04876709,1056
RBC,2020-12-31,171.26258850097656,756,18522921.81816101,1057
BOOT,2020-12-31,43.36000061035156,756,18491413.12713623,1058
REPL,2020-12-31,38.150001525878906,618,18466829.93659973,1059
WTFC,2020-12-31,55.70152282714844,756,18295986.122131348,1060
WDFC,2020-12-31,243.69625854492188,756,18252490.12527466,1061
BKH,2020-12-31,49.3379020690918,756,18213642.675209045,1062
APLE,2020-12-31,9.62159252166748,756,18188752.25739479,1063
ORI,2020-12-31,12.439170837402344,756,18177169.808626175,1064
AM,2020-12-31,5.087138652801514,756,18172086.236035824,1065
PAGP,2020-12-31,5.635451793670654,756,18164816.733050346,1066
OCUL,2020-12-31,20.700000762939453,756,18125659.856796265,1067
PB,2020-12-31,57.978912353515625,756,18115909.33303833,1068
AVT,2020-12-31,30.666513442993164,756,18067681.57377243,1069
TNL,2020-12-31,36.54547500610352,756,18045641.704559326,1070
CALX,2020-12-31,29.760000228881836,756,17993643.661499023,1071
CC,2020-12-31,20.57438850402832,756,17984255.84335327,1072
NVT,2020-12-31,21.3836727142334,679,17981092.64984131,1073
SPB,2020-12-31,69.4439926147461,756,17951219.0990448,1074
HLI,2020-12-31,60.74163055419922,756,17938207.21054077,1075
SSD,2020-12-31,89.24446105957031,756,17804800.09803772,1076
ARES,2020-12-31,39.58478546142578,756,17804544.00577545,1077
APPF,2020-12-31,180.0399932861328,756,17745547.471618652,1078
TNET,2020-12-31,77.46836853027344,756,17691600.86517334,1079
OUT,2020-12-31,14.23538303375244,756,17655860.32808113,1080
SSB,2020-12-31,63.062232971191406,756,17649131.867980957,1081
ACMR,2020-12-31,27.083332061767575,756,17627476.26514435,1082
IRDM,2020-12-31,36.833370208740234,756,17570948.746204376,1083
TTMI,2020-12-31,13.800000190734863,756,17533279.612255096,1084
AEIS,2020-12-31,95.04759979248048,756,17517030.052947998,1085
MMSI,2020-12-31,55.5099983215332,756,17488524.870681763,1086
WTS,2020-12-31,116.66240692138672,756,17460411.905670166,1087
FORM,2020-12-31,43.02000045776367,756,17428899.111557007,1088
TEX,2020-12-31,32.590885162353516,756,17402232.719802856,1089
ENR,2020-12-31,33.86207962036133,756,17299270.534706116,1090
DIN,2020-12-31,47.14704132080078,756,17249934.155082703,1091
PNFP,2020-12-31,60.50800323486328,756,17184101.90258026,1092
CNH,2020-12-31,9.868780136108398,756,17145689.790221214,1093
AXS,2020-12-31,43.87288665771485,756,17128634.08908844,1094
HR,2020-12-31,15.82228946685791,756,17107291.89195633,1095
SSYS,2020-12-31,20.719999313354492,756,17103494.75069046,1096
EXPO,2020-12-31,84.2612533569336,756,17054793.325424194,1097
HGV,2020-12-31,31.350000381469727,756,17011746.51031494,1098
RRR,2020-12-31,19.875675201416016,756,16937324.60680008,1099
CLSK,2020-12-31,29.049999237060547,756,16920971.132278442,1100
ALT,2020-12-31,11.279999732971191,756,16866716.925811768,1101
CLH,2020-12-31,76.0999984741211,756,16850730.866241455,1102
LAZ,2020-12-31,32.49925994873047,756,16807426.050567627,1103
VIRT,2020-12-31,20.63308906555176,756,16786656.023025513,1104
THG,2020-12-31,102.94159698486328,756,16621890.808105469,1105
SXT,2020-12-31,65.89654541015625,756,16593468.758583069,1106
MTSI,2020-12-31,55.040000915527344,756,16590666.82548523,1107
NSP,2020-12-31,67.3350830078125,756,16525677.33039856,1108
OSUR,2020-12-31,10.59000015258789,756,16470592.658567429,1109
OZK,2020-12-31,25.832473754882812,756,16307457.052707672,1110
AVNT,2020-12-31,35.13899230957031,756,16293632.217979431,1111
OTEX,2020-12-31,38.73868560791016,756,16289248.091888428,1112
SBRA,2020-12-31,11.2731351852417,756,16263628.414440155,1113
CM,2020-12-31,33.94164276123047,756,16255131.53553009,1114
KTOS,2020-12-31,27.43000030517578,756,16245286.792850494,1115
PRI,2020-12-31,123.69345092773438,756,16240742.32635498,1116
QURE,2020-12-31,36.130001068115234,756,16225859.712982178,1117
SBGI,2020-12-31,23.296485900878903,756,16205632.232761383,1118
NBR,2020-12-31,58.22999954223633,756,16204550.072574615,1119
NKTR,2020-12-31,255.0,756,16191412.050811768,1120
FRHC,2020-12-31,51.310001373291016,731,16147194.368648529,1121
JBTM,2020-12-31,111.7624282836914,756,16117562.420654297,1122
BLKB,2020-12-31,57.560001373291016,756,16115018.479347229,1123
SBH,2020-12-31,13.039999961853027,756,16104297.188282013,1124
CRDF,2020-12-31,17.989999771118164,756,16063688.203811646,1125
AUPH,2020-12-31,13.829999923706056,756,16030293.629407883,1126
ESPR,2020-12-31,26.0,756,15999076.0014534,1127
DAN,2020-12-31,17.055343627929688,756,15990287.94927597,1128
SM,2020-12-31,5.560056209564209,756,15826738.742899895,1129
SLF,2020-12-31,36.110652923583984,756,15819278.29284668,1130
CORT,2020-12-31,26.15999984741211,756,15772900.729370117,1131
CCOI,2020-12-31,44.978816986083984,756,15734611.38458252,1132
MZTI,2020-12-31,163.89352416992188,756,15686135.150909424,1133
CYTK,2020-12-31,20.780000686645508,756,15567464.700889587,1134
SSTK,2020-12-31,59.10369873046875,756,15503496.213150024,1135
UNF,2020-12-31,204.11624145507812,756,15322644.933319092,1136
EFOR,2020-12-31,83.52999877929688,756,15302027.627944946,1137
ENSG,2020-12-31,72.06201934814453,756,15294278.148651123,1138
MSA,2020-12-31,139.75828552246094,756,15287789.428710938,1139
OGS,2020-12-31,63.48396301269531,756,15187697.364616394,1140
SPWH,2020-12-31,17.549999237060547,756,15183307.662153244,1141
LOB,2020-12-31,46.64713668823242,756,15154212.43686676,1142
SLGN,2020-12-31,34.042259216308594,756,15144543.948936462,1143
MDGL,2020-12-31,111.16999816894533,756,15131985.069274902,1144
CGEN,2020-12-31,12.109999656677246,756,15097998.329782486,1145
DOMO,2020-12-31,63.77000045776367,632,15096247.544288635,1146
FLO,2020-12-31,17.502450942993164,756,15072911.340522766,1147
TRN,2020-12-31,21.439069747924805,756,15057192.516803741,1148
GSHD,2020-12-31,116.48786926269533,676,15045333.740234375,1149
FNB,2020-12-31,7.810679912567139,756,15022860.210514069,1150
PAG,2020-12-31,52.005332946777344,756,15003641.941833496,1151
VMI,2020-12-31,167.0694580078125,756,14987572.355651855,1152
YEXT,2020-12-31,15.720000267028809,756,14964014.96706009,1153
ENS,2020-12-31,79.10966491699219,756,14847208.616638184,1154
NGVT,2020-12-31,75.7300033569336,756,14824056.496810913,1155
AMRC,2020-12-31,52.2400016784668,756,14750579.181671143,1156
KMT,2020-12-31,30.943071365356445,756,14730664.906692505,1157
ATRA,2020-12-31,490.75,756,14691917.5,1158
PHG,2020-12-31,47.28609848022461,756,14686773.64730835,1159
KRNT,2020-12-31,89.12999725341797,756,14656605.112075806,1160
SKT,2020-12-31,7.933465957641602,756,14655320.20111084,1161
DIOD,2020-12-31,70.5,756,14563812.034225464,1162
KWR,2020-12-31,238.50164794921875,756,14532183.630371094,1163
NEOG,2020-12-31,39.650001525878906,756,14520071.716308594,1164
BGS,2020-12-31,16.607215881347656,756,14504567.882347107,1165
FCFS,2020-12-31,65.05610656738281,756,14464835.955810547,1166
MLKN,2020-12-31,28.451122283935547,756,14452240.649604797,1167
CNO,2020-12-31,19.776784896850582,756,14444531.17723465,1168
SPSC,2020-12-31,108.58999633789062,756,14365173.935317993,1169
ATRC,2020-12-31,55.66999816894531,756,14354728.977775574,1170
ECPG,2020-12-31,38.95000076293945,756,14323870.261383057,1171
IRWD,2020-12-31,11.390000343322754,756,14298991.525697708,1172
CODX,2020-12-31,279.0,756,14298403.085006714,1173
SKYW,2020-12-31,40.310001373291016,756,14150139.590930939,1174
ITGR,2020-12-31,81.19000244140625,756,14106535.571289062,1175
NMIH,2020-12-31,22.649999618530273,756,13968695.073795319,1176
WBS,2020-12-31,35.400474548339844,756,13933718.158340454,1177
ASB,2020-12-31,13.77786922454834,756,13926365.400123596,1178
AHT,2020-12-31,259.0,756,13861616.5,1179
ESRT,2020-12-31,8.505274772644043,756,13821762.01953888,1180
NAVI,2020-12-31,7.696065902709961,756,13614463.589763641,1181
FHI,2020-12-31,23.49133682250977,756,13600422.634601593,1182
CNNE,2020-12-31,41.15106964111328,756,13559772.755432129,1183
UFPI,2020-12-31,52.06436538696289,756,13551769.972038269,1184
FABC,2020-12-31,778.239990234375,756,13547065.600494385,1185
SR,2020-12-31,50.78110122680664,756,13539134.92717743,1186
LBRDA,2020-12-31,147.6851043701172,756,13512739.89945221,1187
NFG,2020-12-31,34.59776306152344,756,13487342.622566223,1188
FLNA,2020-12-31,6.820000171661377,756,13438255.000638962,1189
OMF,2020-12-31,27.56907081604004,756,13432343.998146057,1190
SRRK,2020-12-31,48.529998779296875,656,13429402.425193787,1191
CHRS,2020-12-31,17.3799991607666,756,13409794.337749481,1192
RGR,2020-12-31,51.477027893066406,756,13403218.79119873,1193
TU,2020-12-31,14.677116394042969,756,13357544.351291656,1194
BOH,2020-12-31,60.8006706237793,756,13303415.748405457,1195
CWST,2020-12-31,61.95000076293945,756,13294681.977844238,1196
STNG,2020-12-31,9.88554859161377,756,13279689.113235474,1197
AHCO,2020-12-31,37.560001373291016,653,13191048.92654419,1198
VSH,2020-12-31,18.602142333984375,756,13163530.905628204,1199
WTM,2020-12-31,996.5843505859376,756,13125404.782104492,1200
ZYME,2020-12-31,47.2599983215332,756,13080682.285881042,1201
VISN,2020-12-31,6.538761138916016,756,13061305.078935623,1202
AMKR,2020-12-31,14.04688549041748,756,13050761.31939888,1203
APT,2020-12-31,11.149999618530272,756,13031688.030433657,1204
EMBJ,2020-12-31,6.778681755065918,756,12956610.133051872,1205
NHI,2020-12-31,50.442195892333984,756,12910192.980194092,1206
SNDX,2020-12-31,22.239999771118164,756,12896740.769577026,1207
RPAY,2020-12-31,27.25,621,12881543.246269226,1208
GATX,2020-12-31,75.31769561767578,756,12847112.324905396,1209
EAF,2020-12-31,105.21896362304688,682,12806303.172416687,1210
CVLT,2020-12-31,55.369998931884766,756,12774066.534042358,1211
LXP,2020-12-31,40.18773651123047,756,12753584.32220459,1212
DK,2020-12-31,13.590805053710938,756,12748357.219076157,1213
TRNO,2020-12-31,50.206302642822266,756,12708246.814918518,1214
LZB,2020-12-31,35.244747161865234,756,12690364.702224731,1215
HMC,2020-12-31,24.02442741394043,756,12681192.775154114,1216
DCH,2020-12-31,8.34000015258789,756,12662703.676986694,1217
ARVN,2020-12-31,84.93000030517578,570,12614367.499446869,1218
CWEN,2020-12-31,24.051925659179688,756,12581747.608089447,1219
VERI,2020-12-31,28.450000762939453,756,12563225.385189056,1220
TDS,2020-12-31,15.699374198913574,756,12500321.45485878,1221
ERIE,2020-12-31,220.7294921875,756,12473836.778259277,1222
NG,2020-12-31,9.670000076293944,756,12470711.173439026,1223
FUL,2020-12-31,48.462852478027344,756,12464764.727783203,1224
SWX,2020-12-31,50.196136474609375,756,12436631.822776794,1225
MXL,2020-12-31,38.189998626708984,756,12383609.795951843,1226
NJR,2020-12-31,29.13100814819336,756,12365407.748794556,1227
NWE,2020-12-31,45.51539993286133,756,12360554.571533203,1228
EVTC,2020-12-31,38.19766998291016,756,12331850.15296936,1229
GIII,2020-12-31,23.507781982421875,756,12325404.32024002,1230
ROG,2020-12-31,155.2899932861328,756,12323844.244384766,1231
ATKR,2020-12-31,39.4785041809082,756,12314589.39447403,1232
STRA,2020-12-31,80.73385620117188,756,12272877.981567383,1233
JJSF,2020-12-31,137.77874755859375,756,12230626.461791992,1234
NUS,2020-12-31,45.08378601074219,756,12222987.281417847,1235
BXMT,2020-12-31,15.700814247131348,756,12109422.954463959,1236
CHEF,2020-12-31,25.690000534057617,756,12075975.586128235,1237
KLIC,2020-12-31,29.255964279174805,756,12071525.169563293,1238
CXW,2020-12-31,6.550000190734863,756,12069879.26928997,1239
PETS,2020-12-31,27.53463363647461,756,12067935.764503479,1240
EXLS,2020-12-31,17.025999069213867,756,12041472.875595093,1241
RGNX,2020-12-31,45.36000061035156,756,11951354.616451263,1242
JBGS,2020-12-31,24.958568572998047,756,11890883.558940887,1243
UPBD,2020-12-31,28.530473709106445,756,11871869.372749329,1244
SIGI,2020-12-31,61.56892395019531,756,11864487.3670578,1245
APAM,2020-12-31,31.57403564453125,756,11860167.792510986,1246
GIL,2020-12-31,25.321596145629883,756,11846485.879325867,1247
VLY,2020-12-31,7.717289924621582,756,11809413.844299316,1248
ROCK,2020-12-31,71.94000244140625,756,11796873.343276978,1249
EPRT,2020-12-31,16.80751609802246,638,11768243.550777435,1250
EVER,2020-12-31,37.349998474121094,633,11739103.077507019,1251
ECHO,2020-12-31,21.190000534057617,756,11707738.40045929,1252
RCKT,2020-12-31,54.84000015258789,756,11692928.210639954,1253
LAB,2020-12-31,6.0,756,11645623.918914795,1254
ACA,2020-12-31,54.0646858215332,543,11613955.8637619,1255
FHB,2020-12-31,18.64057731628418,756,11574934.740924835,1256
UHAL,2020-12-31,45.20376205444336,756,11555174.739837646,1257
SNDR,2020-12-31,19.192319869995117,756,11509858.322906494,1258
NSIT,2020-12-31,76.08999633789062,756,11500933.687591553,1259
BOKF,2020-12-31,59.98574447631836,756,11447602.849197388,1260
HCSG,2020-12-31,25.70209503173828,756,11444188.497257233,1261
ELF,2020-12-31,25.190000534057617,756,11374232.716846466,1262
DDS,2020-12-31,48.86137390136719,756,11365826.737976074,1263
IBIO,2020-12-31,525.0,756,11350132.5,1264
DORM,2020-12-31,86.81999969482422,756,11341109.580230713,1265
WOR,2020-12-31,28.746017456054688,756,11334575.060882568,1266
HAPN,2020-12-31,10.5600004196167,756,11281473.083782196,1267
DRH,2020-12-31,7.299393177032471,756,11262449.663901329,1268
AVAV,2020-12-31,86.9000015258789,756,11261963.891601562,1269
WD,2020-12-31,78.17976379394531,756,11117084.649658203,1270
AWR,2020-12-31,70.88036346435547,756,11095714.081573486,1271
MHO,2020-12-31,44.290000915527344,756,11089147.872161865,1272
CVSA,2020-12-31,33.95000076293945,756,11040502.941799164,1273
SLP,2020-12-31,70.49279022216797,756,11039732.121276855,1274
CRH,2020-12-31,36.611083984375,756,11030710.545825958,1275
BVN,2020-12-31,11.37640380859375,756,11021407.663345337,1276
MGNX,2020-12-31,22.86000061035156,756,11016974.185085297,1277
KMPR,2020-12-31,67.22201538085938,756,10995928.94077301,1278
HE,2020-12-31,31.674713134765625,756,10992451.477336884,1279
HLNE,2020-12-31,70.60974884033203,756,10989079.005622864,1280
MC,2020-12-31,33.89590072631836,756,10946313.878631592,1281
SNN,2020-12-31,36.50968551635742,756,10935587.020111084,1282
CIM,2020-12-31,16.186370849609375,756,10920912.64982891,1283
BEEM,2020-12-31,73.77999877929688,756,10912417.29850769,1284
BJRI,2020-12-31,38.4900016784668,756,10907899.795341492,1285
FFIN,2020-12-31,32.44296646118164,756,10886727.862071991,1286
PBH,2020-12-31,34.869998931884766,756,10766502.005767822,1287
AVA,2020-12-31,31.038068771362305,756,10744928.483772278,1288
FN,2020-12-31,77.58999633789062,756,10733188.220214844,1289
GBCI,2020-12-31,38.90859603881836,756,10677349.464797974,1290
OI,2020-12-31,11.899999618530272,756,10631549.905538559,1291
NTGR,2020-12-31,40.630001068115234,756,10621537.70866394,1292
PRMB,2020-12-31,13.74298095703125,756,10608244.722747803,1293
WWW,2020-12-31,27.294282913208008,756,10595769.848251343,1294
PAR,2020-12-31,62.790000915527344,756,10550333.095359802,1295
ABCB,2020-12-31,35.52964782714844,756,10513485.265731812,1296
WSFS,2020-12-31,41.93914413452149,756,10509502.182006836,1297
EQX,2020-12-31,10.31786060333252,505,10471671.169757843,1298
SPXC,2020-12-31,54.540000915527344,756,10467553.750419617,1299
TRLV,2020-12-31,31.6200008392334,570,10453661.235046387,1300
AIT,2020-12-31,73.87796020507812,756,10414236.035728455,1301
BMI,2020-12-31,90.10428619384766,756,10411632.637786865,1302
BDN,2020-12-31,6.518281936645508,756,10406990.914106369,1303
SKY,2020-12-31,30.940000534057617,756,10399974.559879303,1304
FOSL,2020-12-31,8.670000076293945,756,10367376.184082031,1305
KFY,2020-12-31,39.43416213989258,756,10358392.302322388,1306
UPLD,2020-12-31,458.8999938964844,756,10349824.57321167,1307
VCEL,2020-12-31,30.8799991607666,756,10343840.748977661,1308
RCUS,2020-12-31,25.959999084472656,706,10331654.912948608,1309
CMP,2020-12-31,57.2720832824707,756,10290942.482185364,1310
FIX,2020-12-31,51.39195251464844,756,10257098.764801025,1311
ADUS,2020-12-31,117.08999633789062,756,10210222.7809906,1312
CERS,2020-12-31,6.920000076293945,756,10208918.454265594,1313
ABM,2020-12-31,33.65066146850586,756,10205853.746414185,1314
KALA,2020-12-31,16950.0,756,10157200.0,1315
HZO,2020-12-31,35.029998779296875,756,10134501.1302948,1316
UCTT,2020-12-31,31.149999618530273,756,10121688.65146637,1317
GLNG,2020-12-31,8.665266036987305,756,10083737.514781952,1318
RCI,2020-12-31,38.49555969238281,756,10079524.224090576,1319
TSEM,2020-12-31,25.81999969482422,756,10078901.724243164,1320
LCII,2020-12-31,106.25471496582033,756,10075560.039520264,1321
GHC,2020-12-31,506.426513671875,756,10046641.540527344,1322
BLFS,2020-12-31,39.88999938964844,756,10035958.101558685,1323
DBI,2020-12-31,6.719888210296631,756,9983706.037402153,1324
ATEC,2020-12-31,14.520000457763672,756,9976942.994594574,1325
UMBF,2020-12-31,62.99223709106445,756,9974272.154808044,1326
GIB,2020-12-31,78.70215606689453,756,9910951.6746521,1327
EPC,2020-12-31,31.219955444335938,756,9899148.83069992,1328
MATX,2020-12-31,52.97769927978515,756,9879347.533035278,1329
AAON,2020-12-31,43.236854553222656,756,9839630.463409424,1330
AVNS,2020-12-31,45.880001068115234,756,9806151.35345459,1331
MNRO,2020-12-31,43.40908432006836,756,9798008.45451355,1332
MEOH,2020-12-31,42.34951400756836,756,9742381.159877777,1333
JELD,2020-12-31,25.36000061035156,756,9740730.766582489,1334
BRC,2020-12-31,48.204246520996094,756,9713950.523757935,1335
RDY,2020-12-31,13.54476261138916,756,9659317.158222198,1336
TTGT,2020-12-31,59.11000061035156,756,9619550.954818726,1337
BCPC,2020-12-31,112.2074737548828,756,9615338.761901855,1338
TBCH,2020-12-31,21.549999237060547,756,9604039.36510086,1339
HTH,2020-12-31,24.653297424316406,756,9589774.25441742,1340
SANM,2020-12-31,31.88999938964844,756,9529669.719982147,1341
MBUU,2020-12-31,62.439998626708984,756,9526880.484771729,1342
PPC,2020-12-31,16.612411499023438,756,9522566.574764252,1343
IMAX,2020-12-31,18.020000457763672,756,9489474.982786179,1344
XNCR,2020-12-31,43.630001068115234,756,9464060.626029968,1345
BCC,2020-12-31,35.83701705932617,756,9414189.38217163,1346
VICR,2020-12-31,92.22000122070312,756,9396220.7862854,1347
CLDX,2020-12-31,17.520000457763672,756,9319686.600780487,1348
COHU,2020-12-31,38.18000030517578,756,9305823.187351227,1349
UTZ,2020-12-31,20.105815887451172,529,9301164.806747437,1350
VIVO,2020-12-31,92.8000030517578,756,9297562.5,1351
MYGN,2020-12-31,19.770000457763672,756,9253923.28529358,1352
RMBS,2020-12-31,17.459999084472656,756,9213740.076828003,1353
FBP,2020-12-31,7.742036819458008,756,9185068.37029457,1354
CRS,2020-12-31,27.022674560546875,756,9173312.819099426,1355
LILAK,2020-12-31,7.533967018127441,756,9142116.231946945,1356
NOVT,2020-12-31,118.22000122070312,756,9141281.887817383,1357
QTRX,2020-12-31,46.5,756,9130698.52142334,1358
HCC,2020-12-31,19.12791633605957,756,9048644.807052612,1359
BDC,2020-12-31,41.32133483886719,756,9033082.164382935,1360
PRGS,2020-12-31,42.91902160644531,756,8995822.058105469,1361
WKC,2020-12-31,27.39071273803711,756,8982471.089363098,1362
PATK,2020-12-31,40.99702453613281,756,8966442.423248291,1363
PRAA,2020-12-31,39.65999984741211,756,8962762.829399109,1364
CLB,2020-12-31,26.20494079589844,756,8923023.989200592,1365
TWO,2020-12-31,12.237554550170898,756,8915843.674242495,1366
PJT,2020-12-31,69.0102767944336,756,8909210.01701355,1367
PLXS,2020-12-31,78.20999908447266,756,8878162.133407593,1368
ADEA,2020-12-31,8.170333862304688,756,8869090.805906057,1369
CBT,2020-12-31,39.84000396728515,756,8865097.940826416,1370
RLI,2020-12-31,41.33463287353515,756,8835923.966217041,1371
KN,2020-12-31,18.43000030517578,756,8833119.484710693,1372
SUPN,2020-12-31,25.15999984741211,756,8801435.104560852,1373
NEU,2020-12-31,355.0181884765625,756,8779692.185974121,1374
RNST,2020-12-31,29.17745780944824,756,8757352.124977112,1375
PDM,2020-12-31,12.05403995513916,756,8693854.86254692,1376
JOE,2020-12-31,40.35731887817383,756,8641704.567337036,1377
SCL,2020-12-31,107.6787338256836,756,8640529.969787598,1378
TROX,2020-12-31,11.896484375,756,8628489.75610733,1379
WPRT,2020-12-31,53.29999923706055,756,8553494.017181396,1380
MMYT,2020-12-31,29.530000686645508,756,8488012.597084045,1381
AAMI,2020-12-31,19.05647850036621,756,8411984.841442108,1382
HWC,2020-12-31,29.313215255737305,756,8393779.478549957,1383
CSTM,2020-12-31,13.989999771118164,756,8310615.676403046,1384
FTS,2020-12-31,33.38629913330078,756,8304734.45892334,1385
CMPR,2020-12-31,87.73999786376953,756,8303982.21206665,1386
AIN,2020-12-31,68.4954833984375,756,8279402.512741089,1387
MFA,2020-12-31,7.57076358795166,756,8266663.066470623,1388
FWRD,2020-12-31,74.53609466552734,756,8202778.467559814,1389
MGY,2020-12-31,6.357519626617432,756,8194312.540388107,1390
CTRE,2020-12-31,16.972339630126953,756,8177203.213119507,1391
FELE,2020-12-31,65.54461669921875,756,8117250.398635864,1392
ICHR,2020-12-31,30.145000457763672,756,8108482.842922211,1393
ESE,2020-12-31,101.59376525878906,756,8103926.5296936035,1394
FULT,2020-12-31,10.17563533782959,756,8101390.652561188,1395
CALM,2020-12-31,29.01863670349121,756,8098920.368385315,1396
RYN,2020-12-31,21.167490005493164,756,8088762.652873993,1397
CWT,2020-12-31,48.10821533203125,756,8044875.451660156,1398
FCPT,2020-12-31,22.238712310791016,756,8043252.058792115,1399
AX,2020-12-31,37.529998779296875,756,8043087.531757355,1400
GPUS,2020-12-31,780501.8125,756,8001489.328125,1401
CARS,2020-12-31,11.300000190734863,756,7999999.730682373,1402
GRBK,2020-12-31,22.959999084472656,756,7990825.099563599,1403
GBX,2020-12-31,31.27129173278809,756,7964150.049591064,1404
CAE,2020-12-31,27.739999771118164,756,7959841.160106659,1405
MWA,2020-12-31,11.403727531433104,756,7957292.873811722,1406
JRVR,2020-12-31,44.89690780639648,756,7928118.951034546,1407
RRGB,2020-12-31,19.229999542236328,756,7918469.452667236,1408
TPL,2020-12-31,75.75164031982422,756,7910440.007972717,1409
XHR,2020-12-31,13.232660293579102,756,7884155.355930328,1410
ABR,2020-12-31,7.759631156921387,756,7875564.898967743,1411
TVTX,2020-12-31,27.2549991607666,756,7834811.836719513,1412
NTCT,2020-12-31,27.420000076293945,756,7832964.924430847,1413
SAH,2020-12-31,34.591590881347656,756,7831336.467933655,1414
VRRM,2020-12-31,13.420000076293944,756,7817339.967012405,1415
PSMT,2020-12-31,84.35169982910156,756,7801197.922515869,1416
HRI,2020-12-31,60.826194763183594,756,7790598.871231079,1417
HOMB,2020-12-31,16.684682846069336,756,7787818.873405457,1418
CATY,2020-12-31,27.009544372558594,756,7767785.321807861,1419
SGRY,2020-12-31,29.010000228881836,756,7729276.512622833,1420
EXK,2020-12-31,5.039999961853027,756,7689875.496399403,1421
THRM,2020-12-31,65.22000122070312,756,7689258.162307739,1422
LASR,2020-12-31,32.650001525878906,677,7679160.7261657715,1423
CLNE,2020-12-31,7.860000133514404,756,7664517.127132416,1424
MITK,2020-12-31,17.780000686645508,756,7617369.052219391,1425
ZUMZ,2020-12-31,36.779998779296875,756,7602905.288600922,1426
SRG,2020-12-31,14.68000030517578,756,7586881.44493103,1427
CPK,2020-12-31,97.30245971679688,756,7576483.427810669,1428
LOVE,2020-12-31,43.09000015258789,634,7575122.57232666,1429
EVH,2020-12-31,16.030000686645508,756,7566804.858779907,1430
CENX,2020-12-31,11.029999732971191,756,7505673.621511459,1431
CVCO,2020-12-31,175.4499969482422,756,7492106.1767578125,1432
SVM,2020-12-31,6.459470272064209,756,7477306.08355999,1433
ONB,2020-12-31,13.981578826904297,756,7464891.827058792,1434
UIS,2020-12-31,19.68000030517578,756,7433780.138301849,1435
MCS,2020-12-31,12.58389663696289,756,7405601.283216476,1436
OR,2020-12-31,11.935483932495115,756,7396403.451251984,1437
TTEC,2020-12-31,68.09930419921875,756,7364682.529640198,1438
VRTS,2020-12-31,177.6856231689453,756,7281124.475097656,1439
RVP,2020-12-31,10.739999771118164,756,7272973.923301697,1440
CWK,2020-12-31,14.829999923706056,609,7260198.468208313,1441
GVA,2020-12-31,25.216333389282227,756,7252891.730308533,1442
MTX,2020-12-31,60.5169677734375,756,7231561.506271362,1443
ENVA,2020-12-31,24.770000457763672,756,7225640.778541565,1444
CENN,2020-12-31,17280.0,756,7214130.0,1445
IVR,2020-12-31,13.13139820098877,756,7147848.454751968,1446
WLY,2020-12-31,38.05403900146485,756,7144985.67993927,1447
MAIN,2020-12-31,21.020246505737305,756,7126735.592651367,1448
IOSP,2020-12-31,83.4593505859375,756,7109909.523773193,1449
GOLF,2020-12-31,37.58756637573242,756,7108995.267105103,1450
AQN,2020-12-31,12.427903175354004,756,7084701.536607742,1451
FSS,2020-12-31,31.91393280029297,756,7077498.750114441,1452
COLB,2020-12-31,27.304956436157227,756,7073928.45954895,1453
KIDS,2020-12-31,41.25,756,7064833.243560791,1454
STC,2020-12-31,40.775753021240234,756,7062968.664550781,1455
SA,2020-12-31,21.06999969482422,756,7034772.704696655,1456
OMER,2020-12-31,14.289999961853027,756,7034206.988763809,1457
PTGX,2020-12-31,20.15999984741211,756,7016725.04901886,1458
ICFI,2020-12-31,72.0946044921875,756,7001359.180450439,1459
CASH,2020-12-31,35.83531188964844,756,6991964.367485046,1460
WHD,2020-12-31,24.631711959838867,730,6980471.949005127,1461
KALU,2020-12-31,81.23400115966797,756,6926498.851776123,1462
INVX,2020-12-31,29.6200008392334,756,6923450.299835205,1463
DNOW,2020-12-31,7.179999828338623,756,6889900.401973724,1464
CNS,2020-12-31,61.702171325683594,756,6829911.877441406,1465
NWS,2020-12-31,16.949020385742188,756,6803838.266658783,1466
OSIS,2020-12-31,93.22000122070312,756,6803468.048477173,1467
AGEN,2020-12-31,62.41413116455078,756,6785126.025009155,1468
PI,2020-12-31,41.869998931884766,756,6774678.398132324,1469
USPH,2020-12-31,108.36924743652344,756,6746650.843429565,1470
IDCC,2020-12-31,55.15372848510742,756,6728953.591918945,1471
TCMD,2020-12-31,44.939998626708984,756,6657940.141296387,1472
AIR,2020-12-31,36.220001220703125,756,6631298.125076294,1473
VKTX,2020-12-31,5.630000114440918,756,6631068.838381767,1474
NVMI,2020-12-31,70.5999984741211,756,6611294.515609741,1475
INVA,2020-12-31,12.390000343322754,756,6609053.524780273,1476
WAFD,2020-12-31,21.562843322753903,756,6571260.40058136,1477
AKR,2020-12-31,11.370826721191406,756,6570132.71355629,1478
KXIN,2020-12-31,1510650.0,756,6536700.0,1479
TFIN,2020-12-31,48.54999923706055,756,6503067.608261108,1480
MOG.A,2020-12-31,75.4760513305664,756,6478406.764793396,1481
MLAB,2020-12-31,279.17034912109375,756,6473356.072998047,1482
RUSHA,2020-12-31,25.45179557800293,756,6443191.761803627,1483
IMO,2020-12-31,16.538864135742188,756,6419177.567481995,1484
ANAB,2020-12-31,14.333333015441896,756,6345866.856479645,1485
LBRT,2020-12-31,9.697413444519045,749,6333204.636287689,1486
USNA,2020-12-31,77.0999984741211,756,6297992.942047119,1487
BKE,2020-12-31,17.175329208374023,756,6295679.503393173,1488
HMN,2020-12-31,34.66486740112305,756,6277797.955036163,1489
INDB,2020-12-31,60.8846435546875,756,6264678.150558472,1490
XWEL,2020-12-31,23.799999237060547,756,6232019.987602234,1491
FNKO,2020-12-31,10.380000114440918,756,6231640.184593201,1492
PUK,2020-12-31,32.626495361328125,756,6231624.568910599,1493
MCY,2020-12-31,43.759674072265625,756,6212068.550872803,1494
GFF,2020-12-31,16.679800033569336,756,6206691.033887863,1495
TV,2020-12-31,6.407853603363037,756,6204052.116465569,1496
RIGL,2020-12-31,35.0,756,6200216.090354919,1497
DMRC,2020-12-31,47.2400016784668,756,6193722.965621948,1498
CVM,2020-12-31,349.79998779296875,756,6156526.448364258,1499
ASR,2020-12-31,130.51727294921875,756,6147716.228866577,1500
DEA,2020-12-31,38.09456634521485,756,6084450.8014678955,1501
CAL,2020-12-31,14.510884284973145,756,6079407.461452484,1502
PGEN,2020-12-31,10.199999809265137,756,6078024.046683311,1503
SFNC,2020-12-31,17.54399871826172,756,6074836.221313477,1504
LAKE,2020-12-31,26.65834045410156,756,6055069.770812988,1505
ENTA,2020-12-31,42.099998474121094,756,6054357.910919189,1506
CENTA,2020-12-31,29.06399917602539,756,6035571.421861649,1507
MLI,2020-12-31,8.15615463256836,756,5981754.462528229,1508
KRYS,2020-12-31,60.0,756,5971246.449279785,1509
AMSC,2020-12-31,23.420000076293945,756,5959874.927997589,1510
NWN,2020-12-31,36.21851348876953,756,5953308.436012268,1511
FTAI,2020-12-31,16.727489471435547,756,5950550.284063339,1512
PUMP,2020-12-31,7.389999866485596,756,5922713.329601288,1513
RYTM,2020-12-31,29.729999542236328,756,5903048.518562317,1514
OII,2020-12-31,7.949999809265137,756,5889915.827560425,1515
APOG,2020-12-31,28.128652572631836,756,5882692.912864685,1516
VECO,2020-12-31,17.360000610351562,756,5826936.939430237,1517
LNTH,2020-12-31,13.489999771118164,756,5787550.96321106,1518
OXM,2020-12-31,54.5587043762207,756,5785681.000900269,1519
DLX,2020-12-31,21.82701873779297,756,5784040.236854553,1520
LNN,2020-12-31,121.34140014648438,756,5782716.104507446,1521
ARI,2020-12-31,6.0982818603515625,756,5765279.015254974,1522
KNSA,2020-12-31,17.670000076293945,656,5744929.012966156,1523
NMRK,2020-12-31,6.906648635864258,756,5691691.133594513,1524
SIBN,2020-12-31,29.899999618530273,556,5649134.966373444,1525
RNAC,2020-12-31,90.9000015258789,756,5638885.181053162,1526
AROC,2020-12-31,6.606992721557617,756,5628400.717616081,1527
ACLS,2020-12-31,29.1200008392334,756,5607348.059177399,1528
CLW,2020-12-31,37.75,756,5599376.038360596,1529
COKE,2020-12-31,25.394681930541992,756,5592223.529815674,1530
LTC,2020-12-31,27.41815757751465,756,5589979.766178131,1531
ASTE,2020-12-31,54.356590270996094,756,5544118.7032699585,1532
CFFN,2020-12-31,8.65999984741211,756,5532457.768249512,1533
MEI,2020-12-31,32.920989990234375,756,5522416.802120209,1534
WNC,2020-12-31,15.29495334625244,756,5493211.574554443,1535
AQB,2020-12-31,175.1999969482422,756,5482503.852081299,1536
OPCH,2020-12-31,15.640000343322754,756,5468387.972831726,1537
TFII,2020-12-31,48.36005783081055,756,5465198.346328735,1538
AUDC,2020-12-31,23.776880264282227,756,5445402.414131165,1539
HBM,2020-12-31,6.919806957244873,756,5443539.68501091,1540
CBZ,2020-12-31,26.61000061035156,756,5440674.029159546,1541
GPRE,2020-12-31,13.170000076293944,756,5436884.495019913,1542
GCO,2020-12-31,30.09000015258789,756,5400802.652454376,1543
BANR,2020-12-31,38.808135986328125,756,5386918.144989014,1544
CDXS,2020-12-31,21.829999923706055,756,5383253.947734833,1545
WRLD,2020-12-31,102.22000122070312,756,5376826.549911499,1546
NVRI,2020-12-31,17.979999542236328,756,5373725.478935242,1547
STRO,2020-12-31,217.1000061035156,570,5337463.085479736,1548
EGAN,2020-12-31,11.8100004196167,756,5336398.46701622,1549
ARCB,2020-12-31,41.52308654785156,756,5331767.176818848,1550
ADAM,2020-12-31,7.504768371582031,756,5331436.649334431,1551
EPAC,2020-12-31,22.44852638244629,756,5326049.3708610535,1552
PRIM,2020-12-31,26.578792572021484,756,5323171.468734741,1553
VUZI,2020-12-31,9.079999923706056,756,5309787.418842316,1554
FIBK,2020-12-31,30.06773567199707,756,5292424.612903595,1555
LADR,2020-12-31,6.226010322570801,756,5277114.873957634,1556
GEF,2020-12-31,39.28263473510742,756,5261444.566345215,1557
AUB,2020-12-31,27.001079559326172,756,5256888.6962890625,1558
TVRD,2020-12-31,544.6799926757812,756,5221293.053573608,1559
AAOI,2020-12-31,8.510000228881836,756,5206109.943819046,1560
MGEE,2020-12-31,62.11346435546875,756,5198815.655136108,1561
OSPN,2020-12-31,19.57296371459961,756,5172920.539474487,1562
HOPE,2020-12-31,8.408164978027344,756,5159855.427575111,1563
BZH,2020-12-31,15.149999618530272,756,5144457.491159439,1564
UAVS,2020-12-31,6000.0,756,5142830.0,1565
NOG,2020-12-31,6.94473934173584,756,5128877.729892731,1566
TBPH,2020-12-31,17.770000457763672,756,5117238.1814956665,1567
AAT,2020-12-31,21.624528884887695,756,5092060.321044922,1568
AZZ,2020-12-31,44.334964752197266,756,5080153.985023499,1569
PENG,2020-12-31,18.815000534057617,756,5077394.108581543,1570
HNI,2020-12-31,28.65773582458496,756,5060049.425983429,1571
MYRG,2020-12-31,60.099998474121094,756,5056822.966957092,1572
INGN,2020-12-31,44.68000030517578,756,5052863.983249664,1573
EXTR,2020-12-31,6.889999866485596,756,5039822.537589073,1574
CVI,2020-12-31,9.50400733947754,756,5035135.684871674,1575
PBYI,2020-12-31,10.260000228881836,756,5018326.71084404,1576
ASMB,2020-12-31,72.5999984741211,756,5010646.189666748,1577
IPAR,2020-12-31,53.2946891784668,756,5005798.26965332,1578
DSGX,2020-12-31,58.47999954223633,756,5004127.426147461,1579
