model_horizon_days,rebalance_every_days,base_policy,exposure_policy,target_volatility,leverage_cap,period,num_rebalances,annualized_net_return,net_sharpe,net_sortino,max_drawdown,calmar,avg_net_return,avg_realized_return_ic,avg_model_target_ic,avg_turnover,annualized_turnover,return_per_annual_turnover,avg_transaction_cost,avg_financing_cost,avg_exposure,min_exposure,max_exposure,leveraged_period_share,deleveraged_period_share,net_hit_rate,top_n,covariance_lookback,annualized_net_volatility,avg_base_effective_n,avg_base_max_weight,avg_pairwise_correlation,avg_max_pairwise_correlation,avg_ex_ante_annualized_volatility,optimizer_fallback_rate,pareto_return_sharpe_drawdown
20,10,inverse_volatility,static_1x,,1.0,overall,139,0.7448254695982648,1.1697988080365898,2.502171915883131,-0.7527126684014007,0.9895216340388071,0.030244042140708135,0.002624454572086001,0.007458261943503612,1.2616649189693598,31.793955958027865,0.023426637143912847,0.0012616649189693596,0.0,1.0,1.0,1.0,0.0,0.0,0.5683453237410072,10,60,0.6515221734796005,9.410015757510605,0.13893429172878594,,,,0.0,False
20,10,inverse_volatility,legacy_risk_scaled,,1.0,overall,139,0.44280489120061395,1.1976540903513335,2.2581998914141455,-0.5216633114203608,0.8488327269843171,0.017139978451143335,0.002624454572086001,0.007458261943503612,0.6826397815167569,17.202522494222272,0.025740695374724065,0.0006826397815167569,0.0,0.5341726618705037,0.45,1.0,0.0,0.8705035971223022,0.5683453237410072,10,60,0.36064458047490616,9.410015757510605,0.13893429172878594,,,,0.0,False
20,10,inverse_volatility,vol_target_25pct_max_1p25,0.25,1.25,overall,139,0.4112496478141332,1.183712285030707,2.5296071617332134,-0.4714223738544083,0.8723592061439609,0.015960760453889604,0.002624454572086001,0.007458261943503612,0.6604920689104412,16.64440013654312,0.0247079885391139,0.0006604920689104412,0.0,0.5223631256434021,0.5,1.0,0.0,0.9568345323741008,0.5683453237410072,10,60,0.33978794384784494,9.410015757510605,0.13893429172878594,,,,0.0,False
20,10,inverse_volatility,regime_dd_vol_target_25pct_max_1p25,0.25,1.25,overall,139,0.3876084852443318,1.1538021633596185,2.4373418834184335,-0.47142237385440844,0.8222106262695938,0.015180485423496497,0.002624454572086001,0.007458261943503612,0.644921878778043,16.25203134520668,0.023849848490395124,0.0006449218787780429,0.0,0.5097731975858483,0.5,1.0,0.0,0.9928057553956835,0.5683453237410072,10,60,0.33155444219155844,9.410015757510605,0.13893429172878594,,,,0.0,False
20,10,inverse_volatility,vol_target_30pct_max_1p25,0.3,1.25,overall,139,0.42643311827890207,1.1666504963613318,2.3561218867316733,-0.4972338925819906,0.8576107233249111,0.01667251183843804,0.002624454572086001,0.007458261943503612,0.6985386350343876,17.60317360286657,0.024224786274303405,0.0006985386350343877,0.0,0.5519190116705941,0.5,1.0,0.0,0.9568345323741008,0.5683453237410072,10,60,0.3601312472236001,9.410015757510605,0.13893429172878594,,,,0.0,False
20,10,inverse_volatility,regime_dd_vol_target_30pct_max_1p25,0.3,1.25,overall,139,0.4026614071814276,1.1403733273228163,2.279926123964732,-0.49535739996743977,0.8128704793910313,0.015872950037253915,0.002624454572086001,0.007458261943503612,0.6802408682021828,17.142069878695004,0.023489660818724976,0.0006802408682021828,0.0,0.5373206323342836,0.5,1.0,0.0,0.9928057553956835,0.5683453237410072,10,60,0.35076087045796656,9.410015757510605,0.13893429172878594,,,,0.0,False
20,10,inverse_volatility,vol_target_35pct_max_1p25,0.35,1.25,overall,139,0.4601256001729266,1.1534581499372591,2.239732252061084,-0.5383934804353783,0.8546269910267869,0.01814570592781998,0.002624454572086001,0.007458261943503612,0.771437896438469,19.44023499024942,0.02366872624758448,0.0007714378964384692,0.0,0.6096544787049161,0.5,1.0,0.0,0.9568345323741008,0.5683453237410072,10,60,0.39643552685976186,9.410015757510605,0.13893429172878594,,,,0.0,False
20,10,inverse_volatility,regime_dd_vol_target_35pct_max_1p25,0.35,1.25,overall,139,0.4305538958281012,1.1509044882748811,2.2469152659223828,-0.5119980301850473,0.8409288130903347,0.016952860213766793,0.002624454572086001,0.007458261943503612,0.73112575931837,18.424369134822925,0.0233687184987156,0.00073112575931837,0.0,0.5762565122098972,0.5,1.0,0.0,0.9928057553956835,0.5683453237410072,10,60,0.3711968123673597,9.410015757510605,0.13893429172878594,,,,0.0,False
20,10,shrinkage_min_variance,static_1x,,1.0,overall,139,0.7274809952770316,1.2147142685503336,2.6451564134193877,-0.6472088072636057,1.1240282689489596,0.028303290947170757,0.002624454572086001,0.007458261943503612,1.397964315430596,35.22870074885102,0.020650236307700288,0.001397964315430596,0.0,1.0,1.0,1.0,0.0,0.0,0.5755395683453237,10,60,0.5871693042018044,7.174083472474396,0.17560313287870155,0.22467326081983738,0.5434715949715674,0.48639775841717386,0.0,True
20,10,shrinkage_min_variance,legacy_risk_scaled,,1.0,overall,139,0.4249700401846881,1.2692472004914856,2.4756888055575703,-0.4026011920517798,1.0555608094921671,0.016100352195438233,0.002624454572086001,0.007458261943503612,0.7587750014392356,19.121130036268738,0.02222515297885689,0.0007587750014392355,0.0,0.5341726618705037,0.45,1.0,0.0,0.8705035971223022,0.5755395683453237,10,60,0.3196610362173221,7.174083472474396,0.17560313287870155,0.22467326081983738,0.5434715949715674,0.48639775841717386,0.0,True
20,10,shrinkage_min_variance,vol_target_25pct_max_1p25,0.25,1.25,overall,139,0.4032276604807483,1.224197409514456,2.5556651016773593,-0.3913317435445247,1.030398548373498,0.01545575303924698,0.002624454572086001,0.007458261943503612,0.7517061291169287,18.942994453746604,0.021286373781363627,0.0007517061291169285,0.0,0.5365871513754644,0.5,1.0,0.0,0.9568345323741008,0.5683453237410072,10,60,0.31815536739577177,7.174083472474396,0.17560313287870155,0.22467326081983738,0.5434715949715674,0.48639775841717386,0.0,True
20,10,shrinkage_min_variance,regime_dd_vol_target_25pct_max_1p25,0.25,1.25,overall,139,0.3794402173578246,1.1943105365084012,2.4565734846101375,-0.39403488642559703,0.9629609723134801,0.01467058470922532,0.002624454572086001,0.007458261943503612,0.7334740285301219,18.483545518959072,0.020528540748235912,0.0007334740285301219,0.0,0.5236693871861068,0.5,1.0,0.0,0.9928057553956835,0.5683453237410072,10,60,0.30954992304874257,7.174083472474396,0.17560313287870155,0.22467326081983738,0.5434715949715674,0.48639775841717386,0.0,False
20,10,shrinkage_min_variance,vol_target_30pct_max_1p25,0.3,1.25,overall,139,0.4399291777337446,1.2092899947193032,2.391545290649994,-0.4320531088645947,1.0182293998296823,0.016943087650395216,0.002624454572086001,0.007458261943503612,0.8324316274579399,20.977277011940085,0.020971700830538717,0.0008324316274579399,0.0,0.5933795269982758,0.5,1.0,0.0,0.9568345323741008,0.5683453237410072,10,60,0.3530714805004779,7.174083472474396,0.17560313287870155,0.22467326081983738,0.5434715949715674,0.48639775841717386,0.0,True
20,10,shrinkage_min_variance,regime_dd_vol_target_30pct_max_1p25,0.3,1.25,overall,139,0.40702902406845176,1.1920025574424058,2.3402119233418213,-0.41905671373561937,0.9712981816710475,0.01576120318304956,0.002624454572086001,0.007458261943503612,0.795975598029992,20.058585070355797,0.02029201075952223,0.0007959755980299919,0.0,0.5677964206133725,0.5,1.0,0.0,0.9928057553956835,0.5683453237410072,10,60,0.333205929578754,7.174083472474396,0.17560313287870155,0.22467326081983738,0.5434715949715674,0.48639775841717386,0.0,False
20,10,shrinkage_min_variance,vol_target_35pct_max_1p25,0.35,1.25,overall,139,0.49492478835388076,1.1998953087826134,2.3386506933514326,-0.4849321034678732,1.0206063587346503,0.01914571929170058,0.002624454572086001,0.007458261943503612,0.9395296712428317,23.67614771531936,0.020903940721473273,0.0009395296712428316,0.0,0.6697601751084551,0.5,1.0,0.0,0.9568345323741008,0.5755395683453237,10,60,0.4020951849877302,7.174083472474396,0.17560313287870155,0.22467326081983738,0.5434715949715674,0.48639775841717386,0.0,True
20,10,shrinkage_min_variance,regime_dd_vol_target_35pct_max_1p25,0.35,1.25,overall,139,0.4283095493267701,1.209590964085485,2.374792477527295,-0.4191209465449446,1.0219235112383966,0.016501483410731547,0.002624454572086001,0.007458261943503612,0.833840148495166,21.012771742078183,0.020383296148840664,0.0008338401484951661,0.0,0.5935438987009221,0.5,1.0,0.0,0.9928057553956835,0.5755395683453237,10,60,0.34378347251033753,7.174083472474396,0.17560313287870155,0.22467326081983738,0.5434715949715674,0.48639775841717386,0.0,True
20,10,shrinkage_risk_parity,static_1x,,1.0,overall,139,0.7102949751044814,1.1564898882132675,2.537940915769724,-0.7373271234995715,0.9633376454852391,0.028914186559980716,0.002624454572086001,0.007458261943503612,1.2551748593920968,31.630406456680838,0.022456081178636133,0.0012551748593920967,0.0,1.0,1.0,1.0,0.0,0.0,0.5611510791366906,10,60,0.6300422586809047,9.360155295677778,0.148505490850221,0.22467326081983738,0.5434715949715674,0.5193844668766391,0.0,False
20,10,shrinkage_risk_parity,legacy_risk_scaled,,1.0,overall,139,0.43228888336204396,1.209541737122075,2.332464327255095,-0.5047556017147616,0.8564320671102353,0.016667937016267703,0.002624454572086001,0.007458261943503612,0.6798981418991681,17.133433175859036,0.025230721649595476,0.000679898141899168,0.0,0.5341726618705037,0.45,1.0,0.0,0.8705035971223022,0.5611510791366906,10,60,0.3472654145935882,9.360155295677778,0.148505490850221,0.22467326081983738,0.5434715949715674,0.5193844668766391,0.0,False
20,10,shrinkage_risk_parity,vol_target_25pct_max_1p25,0.25,1.25,overall,139,0.3930795144892767,1.1661907020194113,2.533083940663842,-0.46044956786263536,0.8536863576914965,0.015330502408972041,0.002624454572086001,0.007458261943503612,0.6602700063049237,16.638804158884078,0.02362426474497549,0.0006602700063049236,0.0,0.524696497136837,0.5,1.0,0.0,0.9568345323741008,0.5611510791366906,10,60,0.33127400178814403,9.360155295677778,0.148505490850221,0.22467326081983738,0.5434715949715674,0.5193844668766391,0.0,False
20,10,shrinkage_risk_parity,regime_dd_vol_target_25pct_max_1p25,0.25,1.25,overall,139,0.3707116458495967,1.1373285164945897,2.4377520880642747,-0.46069117105590207,0.8046858050262333,0.014583412303798006,0.002624454572086001,0.007458261943503612,0.644708019061457,16.246642080348717,0.022817739445247863,0.000644708019061457,0.0,0.5120808321576769,0.5,1.0,0.0,0.9928057553956835,0.5611510791366906,10,60,0.3231273855582237,9.360155295677778,0.148505490850221,0.22467326081983738,0.5434715949715674,0.5193844668766391,0.0,False
20,10,shrinkage_risk_parity,vol_target_30pct_max_1p25,0.3,1.25,overall,139,0.4145672823731914,1.1506817632155453,2.3639728180897874,-0.4931145171647132,0.8407119805696474,0.01628768912006866,0.002624454572086001,0.007458261943503612,0.7121930543302324,17.947264969121857,0.023099189937099134,0.0007121930543302324,0.0,0.5646167592141121,0.5,1.0,0.0,0.9568345323741008,0.5611510791366906,10,60,0.3567013738696448,9.360155295677778,0.148505490850221,0.22467326081983738,0.5434715949715674,0.5193844668766391,0.0,False
20,10,shrinkage_risk_parity,regime_dd_vol_target_30pct_max_1p25,0.3,1.25,overall,139,0.3918455503615397,1.1299407328347464,2.294897999726089,-0.48841685720137573,0.8022768759596285,0.015490463097209422,0.002624454572086001,0.007458261943503612,0.6906590357836888,17.404607701748958,0.022513897301009767,0.0006906590357836887,0.0,0.5476269952602697,0.5,1.0,0.0,0.9928057553956835,0.5611510791366906,10,60,0.34546915489130126,9.360155295677778,0.148505490850221,0.22467326081983738,0.5434715949715674,0.5193844668766391,0.0,False
20,10,shrinkage_risk_parity,vol_target_35pct_max_1p25,0.35,1.25,overall,139,0.45450219534158687,1.1426868152470646,2.268953808272246,-0.536560639301046,0.8470658524890065,0.017983474618044386,0.002624454572086001,0.007458261943503612,0.7916403636802156,19.949337164741433,0.022782821884672767,0.0007916403636802156,0.0,0.627550572825204,0.5,1.0,0.0,0.9568345323741008,0.5611510791366906,10,60,0.3965947224802222,9.360155295677778,0.148505490850221,0.22467326081983738,0.5434715949715674,0.5193844668766391,0.0,False
20,10,shrinkage_risk_parity,regime_dd_vol_target_35pct_max_1p25,0.35,1.25,overall,139,0.417584981207364,1.1445561579084111,2.2784957303041176,-0.4963134401476633,0.8413735100204499,0.01645957036373978,0.002624454572086001,0.007458261943503612,0.7327875252055713,18.466245635180396,0.022613420695098675,0.0007327875252055715,0.0,0.5808135795817488,0.5,1.0,0.0,0.9928057553956835,0.5611510791366906,10,60,0.36239477661299146,9.360155295677778,0.148505490850221,0.22467326081983738,0.5434715949715674,0.5193844668766391,0.0,False
20,10,shrinkage_max_diversification,static_1x,,1.0,overall,139,0.7541707872271484,1.2160074299359995,2.7585949748132568,-0.7286404681306051,1.0350382942111953,0.029511241459367312,0.002624454572086001,0.007458261943503612,1.348983611297145,33.99438700468805,0.022185156247210555,0.001348983611297145,0.0,1.0,1.0,1.0,0.0,0.0,0.5683453237410072,10,60,0.611577911834961,7.787801396217991,0.17268790879118906,0.22467326081983738,0.5434715949715674,0.5044327717106313,0.0,True
20,10,shrinkage_max_diversification,legacy_risk_scaled,,1.0,overall,139,0.4612679542797635,1.2988823614380745,2.6872862837399345,-0.47966959527814057,0.961636840901482,0.017316034385182248,0.002624454572086001,0.007458261943503612,0.7326873307904092,18.46372073591831,0.024982394441356453,0.0007326873307904093,0.0,0.5341726618705037,0.45,1.0,0.0,0.8705035971223022,0.5683453237410072,10,60,0.33595349314272505,7.787801396217991,0.17268790879118906,0.22467326081983738,0.5434715949715674,0.5044327717106313,0.0,True
20,10,shrinkage_max_diversification,vol_target_25pct_max_1p25,0.25,1.25,overall,139,0.40750154181404863,1.2175271088581991,2.6971689651025113,-0.4609613409983234,0.884025417254092,0.01565493988609837,0.002624454572086001,0.007458261943503612,0.7130653421195495,17.969246621412648,0.022677719906657557,0.0007130653421195494,0.0,0.5272366757891264,0.5,1.0,0.0,0.9568345323741008,0.5683453237410072,10,60,0.32402110988694666,7.787801396217991,0.17268790879118906,0.22467326081983738,0.5434715949715674,0.5044327717106313,0.0,False
20,10,shrinkage_max_diversification,regime_dd_vol_target_25pct_max_1p25,0.25,1.25,overall,139,0.38379359882308206,1.1876842453225838,2.590487812428499,-0.46220679623296435,0.830350401489207,0.014874952382408475,0.002624454572086001,0.007458261943503612,0.6953249115222261,17.522187770360098,0.02190329220602769,0.000695324911522226,0.0,0.5144335425204273,0.5,1.0,0.0,0.9928057553956835,0.5683453237410072,10,60,0.31561317876611383,7.787801396217991,0.17268790879118906,0.22467326081983738,0.5434715949715674,0.5044327717106313,0.0,False
20,10,shrinkage_max_diversification,vol_target_30pct_max_1p25,0.3,1.25,overall,139,0.43592533657335775,1.2033709413697422,2.5281722306869976,-0.4960952930942919,0.8787129058499296,0.016831563054138465,0.002624454572086001,0.007458261943503612,0.7763469419110152,19.56394293615758,0.022282079742100027,0.0007763469419110152,0.0,0.573564288250813,0.5,1.0,0.0,0.9568345323741008,0.5683453237410072,10,60,0.3524726868354429,7.787801396217991,0.17268790879118906,0.22467326081983738,0.5434715949715674,0.5044327717106313,0.0,False
20,10,shrinkage_max_diversification,regime_dd_vol_target_30pct_max_1p25,0.3,1.25,overall,139,0.41317406681665503,1.1906593379821697,2.4926031857048314,-0.4883314401281902,0.8460935194100837,0.01601344720740009,0.002624454572086001,0.007458261943503612,0.7479311966781835,18.847866156290223,0.021921530182278152,0.0007479311966781835,0.0,0.5528856584532609,0.5,1.0,0.0,0.9928057553956835,0.5683453237410072,10,60,0.3389205096315512,7.787801396217991,0.17268790879118906,0.22467326081983738,0.5434715949715674,0.5044327717106313,0.0,False
20,10,shrinkage_max_diversification,vol_target_35pct_max_1p25,0.35,1.25,overall,139,0.48864718161982723,1.1994044728190192,2.4642498845250818,-0.5480545815670568,0.8916031323424658,0.01892164687521914,0.002624454572086001,0.007458261943503612,0.8708082153193245,21.944367026046976,0.022267545062467514,0.0008708082153193244,0.0,0.643288363537926,0.5,1.0,0.0,0.9568345323741008,0.5683453237410072,10,60,0.3975518785041847,7.787801396217991,0.17268790879118906,0.22467326081983738,0.5434715949715674,0.5044327717106313,0.0,False
20,10,shrinkage_max_diversification,regime_dd_vol_target_35pct_max_1p25,0.35,1.25,overall,139,0.43751325847497613,1.2039749925878824,2.4837311309601864,-0.49181966032334357,0.889580660901876,0.01689743699264049,0.002624454572086001,0.007458261943503612,0.789480597614157,19.894911059876755,0.021991214595441698,0.0007894805976141569,0.0,0.5822694075295355,0.5,1.0,0.0,0.9928057553956835,0.5683453237410072,10,60,0.35367463181213754,7.787801396217991,0.17268790879118906,0.22467326081983738,0.5434715949715674,0.5044327717106313,0.0,False
20,10,inverse_volatility,static_1x,,1.0,overall,139,0.7448254695982648,1.1697988080365898,2.502171915883131,-0.7527126684014007,0.9895216340388071,0.030244042140708135,0.002624454572086001,0.007458261943503612,1.2616649189693598,31.793955958027865,0.023426637143912847,0.0012616649189693596,0.0,1.0,1.0,1.0,0.0,0.0,0.5683453237410072,10,120,0.6515221734796005,9.410015757510605,0.13893429172878594,,,,0.0,False
20,10,inverse_volatility,legacy_risk_scaled,,1.0,overall,139,0.44280489120061395,1.1976540903513335,2.2581998914141455,-0.5216633114203608,0.8488327269843171,0.017139978451143335,0.002624454572086001,0.007458261943503612,0.6826397815167569,17.202522494222272,0.025740695374724065,0.0006826397815167569,0.0,0.5341726618705037,0.45,1.0,0.0,0.8705035971223022,0.5683453237410072,10,120,0.36064458047490616,9.410015757510605,0.13893429172878594,,,,0.0,False
20,10,inverse_volatility,vol_target_25pct_max_1p25,0.25,1.25,overall,139,0.4112496478141332,1.183712285030707,2.5296071617332134,-0.4714223738544083,0.8723592061439609,0.015960760453889604,0.002624454572086001,0.007458261943503612,0.6604920689104412,16.64440013654312,0.0247079885391139,0.0006604920689104412,0.0,0.5223631256434021,0.5,1.0,0.0,0.9568345323741008,0.5683453237410072,10,120,0.33978794384784494,9.410015757510605,0.13893429172878594,,,,0.0,False
20,10,inverse_volatility,regime_dd_vol_target_25pct_max_1p25,0.25,1.25,overall,139,0.3876084852443318,1.1538021633596185,2.4373418834184335,-0.47142237385440844,0.8222106262695938,0.015180485423496497,0.002624454572086001,0.007458261943503612,0.644921878778043,16.25203134520668,0.023849848490395124,0.0006449218787780429,0.0,0.5097731975858483,0.5,1.0,0.0,0.9928057553956835,0.5683453237410072,10,120,0.33155444219155844,9.410015757510605,0.13893429172878594,,,,0.0,False
20,10,inverse_volatility,vol_target_30pct_max_1p25,0.3,1.25,overall,139,0.42643311827890207,1.1666504963613318,2.3561218867316733,-0.4972338925819906,0.8576107233249111,0.01667251183843804,0.002624454572086001,0.007458261943503612,0.6985386350343876,17.60317360286657,0.024224786274303405,0.0006985386350343877,0.0,0.5519190116705941,0.5,1.0,0.0,0.9568345323741008,0.5683453237410072,10,120,0.3601312472236001,9.410015757510605,0.13893429172878594,,,,0.0,False
20,10,inverse_volatility,regime_dd_vol_target_30pct_max_1p25,0.3,1.25,overall,139,0.4026614071814276,1.1403733273228163,2.279926123964732,-0.49535739996743977,0.8128704793910313,0.015872950037253915,0.002624454572086001,0.007458261943503612,0.6802408682021828,17.142069878695004,0.023489660818724976,0.0006802408682021828,0.0,0.5373206323342836,0.5,1.0,0.0,0.9928057553956835,0.5683453237410072,10,120,0.35076087045796656,9.410015757510605,0.13893429172878594,,,,0.0,False
20,10,inverse_volatility,vol_target_35pct_max_1p25,0.35,1.25,overall,139,0.4601256001729266,1.1534581499372591,2.239732252061084,-0.5383934804353783,0.8546269910267869,0.01814570592781998,0.002624454572086001,0.007458261943503612,0.771437896438469,19.44023499024942,0.02366872624758448,0.0007714378964384692,0.0,0.6096544787049161,0.5,1.0,0.0,0.9568345323741008,0.5683453237410072,10,120,0.39643552685976186,9.410015757510605,0.13893429172878594,,,,0.0,False
20,10,inverse_volatility,regime_dd_vol_target_35pct_max_1p25,0.35,1.25,overall,139,0.4305538958281012,1.1509044882748811,2.2469152659223828,-0.5119980301850473,0.8409288130903347,0.016952860213766793,0.002624454572086001,0.007458261943503612,0.73112575931837,18.424369134822925,0.0233687184987156,0.00073112575931837,0.0,0.5762565122098972,0.5,1.0,0.0,0.9928057553956835,0.5683453237410072,10,120,0.3711968123673597,9.410015757510605,0.13893429172878594,,,,0.0,False
20,10,shrinkage_min_variance,static_1x,,1.0,overall,139,0.6160414104606193,1.0812854412938666,2.440669429507082,-0.7218866428590734,0.8533769346676814,0.025942120503815808,0.002624454572086001,0.007458261943503612,1.3849116432740731,34.89977341050664,0.017651730950068546,0.0013849116432740729,0.0,1.0,1.0,1.0,0.0,0.0,0.5467625899280576,10,120,0.604596540127176,7.451443277205903,0.16875879925465914,0.22213159998466464,0.5399790798130343,0.47915194465093297,0.14388489208633093,False
20,10,shrinkage_min_variance,legacy_risk_scaled,,1.0,overall,139,0.38132285114680586,1.1440726657454587,2.3809258292897715,-0.4788361757142209,0.796353472203794,0.014962293791937378,0.002624454572086001,0.007458261943503612,0.7531919117058185,18.980436174986625,0.020090310234773864,0.0007531919117058186,0.0,0.5341726618705037,0.45,1.0,0.0,0.8705035971223022,0.5467625899280576,10,120,0.32956805528706745,7.451443277205903,0.16875879925465914,0.22213159998466464,0.5399790798130343,0.47915194465093297,0.14388489208633093,False
20,10,shrinkage_min_variance,vol_target_25pct_max_1p25,0.25,1.25,overall,139,0.3557879043741907,1.1047009517914501,2.456810826781682,-0.45460062226188025,0.782638401601732,0.014110910540123443,0.002624454572086001,0.007458261943503612,0.734709479214228,18.514678876198545,0.019216531204955013,0.0007347094792142279,0.0,0.53021301218833,0.5,1.0,0.0,0.9568345323741008,0.5467625899280576,10,120,0.32189249500913025,7.451443277205903,0.16875879925465914,0.22213159998466464,0.5399790798130343,0.47915194465093297,0.14388489208633093,False
20,10,shrinkage_min_variance,regime_dd_vol_target_25pct_max_1p25,0.25,1.25,overall,139,0.33211132031716417,1.0699813061814591,2.3434264727409446,-0.45460062226188036,0.7305562378351648,0.013305643207483928,0.002624454572086001,0.007458261943503612,0.7179945849562426,18.09346354089731,0.01835532039327246,0.0007179945849562425,0.0,0.5176230841307761,0.5,1.0,0.0,0.9928057553956835,0.5467625899280576,10,120,0.3133720251853922,7.451443277205903,0.16875879925465914,0.22213159998466464,0.5399790798130343,0.47915194465093297,0.14388489208633093,False
20,10,shrinkage_min_variance,vol_target_30pct_max_1p25,0.3,1.25,overall,139,0.38637842276599854,1.0981109843563832,2.334648249318546,-0.488051485305102,0.7916755391584491,0.015415352499519372,0.002624454572086001,0.007458261943503612,0.8028860448728344,20.232728330795428,0.019096703936755152,0.0008028860448728347,0.0,0.5787144775248314,0.5,1.0,0.0,0.9568345323741008,0.5467625899280576,10,120,0.3537592178950596,7.451443277205903,0.16875879925465914,0.22213159998466464,0.5399790798130343,0.47915194465093297,0.14388489208633093,False
20,10,shrinkage_min_variance,regime_dd_vol_target_30pct_max_1p25,0.3,1.25,overall,139,0.358059268397638,1.0710974431877598,2.2585135816964015,-0.4809372856204256,0.7445030341861086,0.014395644361128846,0.002624454572086001,0.007458261943503612,0.7770925042111149,19.582731106120093,0.018284439818802168,0.0007770925042111149,0.0,0.5596465247858009,0.5,1.0,0.0,0.9928057553956835,0.5467625899280576,10,120,0.3386902286133593,7.451443277205903,0.16875879925465914,0.22213159998466464,0.5399790798130343,0.47915194465093297,0.14388489208633093,False
20,10,shrinkage_min_variance,vol_target_35pct_max_1p25,0.35,1.25,overall,139,0.43161149883700656,1.0921256909006574,2.2807917501324932,-0.5373127442226728,0.8032779856383573,0.01736047437702833,0.002624454572086001,0.007458261943503612,0.8997691844866385,22.67418344906329,0.01903537121001979,0.0008997691844866384,0.0,0.6486118682375581,0.5,1.0,0.0,0.9568345323741008,0.5467625899280576,10,120,0.4005802243698968,7.451443277205903,0.16875879925465914,0.22213159998466464,0.5399790798130343,0.47915194465093297,0.14388489208633093,False
20,10,shrinkage_min_variance,regime_dd_vol_target_35pct_max_1p25,0.35,1.25,overall,139,0.37155370082575345,1.0736556844752156,2.2410742441129923,-0.4831104412151235,0.7690864637311883,0.014953667504822826,0.002624454572086001,0.007458261943503612,0.8145797395288233,20.527409436126348,0.018100369751082823,0.0008145797395288233,0.0,0.5847611139895446,0.5,1.0,0.0,0.9928057553956835,0.5467625899280576,10,120,0.35098069760206635,7.451443277205903,0.16875879925465914,0.22213159998466464,0.5399790798130343,0.47915194465093297,0.14388489208633093,False
20,10,shrinkage_risk_parity,static_1x,,1.0,overall,139,0.685049197313139,1.1290605224561912,2.4779852599176246,-0.734647512564015,0.9324869214110976,0.028366380340014645,0.002624454572086001,0.007458261943503612,1.2629037147221827,31.825173610999002,0.02152538759682936,0.0012629037147221828,0.0,1.0,1.0,1.0,0.0,0.0,0.5683453237410072,10,120,0.633121759507897,9.279058817339934,0.15149757965367677,0.22213159998466464,0.5399790798130343,0.5124692874086202,0.14388489208633093,False
20,10,shrinkage_risk_parity,legacy_risk_scaled,,1.0,overall,139,0.42117207341610663,1.1811876469511313,2.279442674832709,-0.5078657581780615,0.8292980312888916,0.01637875367844077,0.002624454572086001,0.007458261943503612,0.6850683985409037,17.263723643230772,0.024396363271330004,0.0006850683985409037,0.0,0.5341726618705037,0.45,1.0,0.0,0.8705035971223022,0.5683453237410072,10,120,0.3494318567943707,9.279058817339934,0.15149757965367677,0.22213159998466464,0.5399790798130343,0.5124692874086202,0.14388489208633093,False
20,10,shrinkage_risk_parity,vol_target_25pct_max_1p25,0.25,1.25,overall,139,0.38423924870276727,1.1432223608753045,2.4882925682365262,-0.4599453413001472,0.8354019797583376,0.015089407058986431,0.002624454572086001,0.007458261943503612,0.6640064643870935,16.732962902554757,0.022963013241612002,0.0006640064643870935,0.0,0.5245802103892029,0.5,1.0,0.0,0.9568345323741008,0.5683453237410072,10,120,0.3326151332408496,9.279058817339934,0.15149757965367677,0.22213159998466464,0.5399790798130343,0.5124692874086202,0.14388489208633093,False
20,10,shrinkage_risk_parity,regime_dd_vol_target_25pct_max_1p25,0.25,1.25,overall,139,0.36040357976825255,1.1105053655997539,2.3823379964245603,-0.4599453413001474,0.7835791504040114,0.014292678795416522,0.002624454572086001,0.007458261943503612,0.6484768439665056,16.34161646795594,0.02205434085881058,0.0006484768439665057,0.0,0.511990282331649,0.5,1.0,0.0,0.9928057553956835,0.5683453237410072,10,120,0.3243347729796653,9.279058817339934,0.15149757965367677,0.22213159998466464,0.5399790798130343,0.5124692874086202,0.14388489208633093,False
20,10,shrinkage_risk_parity,vol_target_30pct_max_1p25,0.3,1.25,overall,139,0.40161122591592435,1.1242431798665553,2.3163462836939925,-0.49393633821477856,0.8130829721244189,0.015915562744685554,0.002624454572086001,0.007458261943503612,0.7114444841006223,17.928400999335683,0.02240083908937588,0.0007114444841006222,0.0,0.5617246275735049,0.5,1.0,0.0,0.9568345323741008,0.5683453237410072,10,120,0.3567486006129761,9.279058817339934,0.15149757965367677,0.22213159998466464,0.5399790798130343,0.5124692874086202,0.14388489208633093,False
20,10,shrinkage_risk_parity,regime_dd_vol_target_30pct_max_1p25,0.3,1.25,overall,139,0.378634005719644,1.1018238130347469,2.251548755565271,-0.48777890559745296,0.776241041534743,0.015102826723451148,0.002624454572086001,0.007458261943503612,0.690514361340584,17.400961905782715,0.021759372141020306,0.0006905143613405839,0.0,0.5449353483485094,0.5,1.0,0.0,0.9928057553956835,0.5683453237410072,10,120,0.3454193210643259,9.279058817339934,0.15149757965367677,0.22213159998466464,0.5399790798130343,0.5124692874086202,0.14388489208633093,False
20,10,shrinkage_risk_parity,vol_target_35pct_max_1p25,0.35,1.25,overall,139,0.4388938680306407,1.1151004813744914,2.220809229456045,-0.5375271286393368,0.8165055206453108,0.017542885793463726,0.002624454572086001,0.007458261943503612,0.7898823345413648,19.905034830442393,0.02204938960264488,0.0007898823345413649,0.0,0.6236900859060561,0.5,1.0,0.0,0.9568345323741008,0.5683453237410072,10,120,0.39644922532036736,9.279058817339934,0.15149757965367677,0.22213159998466464,0.5399790798130343,0.5124692874086202,0.14388489208633093,False
20,10,shrinkage_risk_parity,regime_dd_vol_target_35pct_max_1p25,0.35,1.25,overall,139,0.3981579311151622,1.1057371864961547,2.210749892658867,-0.5044966008477202,0.7892182632075735,0.01589928256270997,0.002624454572086001,0.007458261943503612,0.7323471683696005,18.45514864291393,0.021574355147122568,0.0007323471683696003,0.0,0.5763728740609596,0.5,1.0,0.0,0.9928057553956835,0.5683453237410072,10,120,0.36234823742330985,9.279058817339934,0.15149757965367677,0.22213159998466464,0.5399790798130343,0.5124692874086202,0.14388489208633093,False
20,10,shrinkage_max_diversification,static_1x,,1.0,overall,139,0.6939489028614021,1.1423619777614202,2.5123677494738046,-0.7621349445280802,0.9105328496531551,0.028371427924780344,0.002624454572086001,0.007458261943503612,1.3220766463892506,33.316331489009116,0.020829091074758103,0.0013220766463892507,0.0,1.0,1.0,1.0,0.0,0.0,0.5467625899280576,10,120,0.6258611522641052,8.101372763307683,0.16584692632350873,0.22213159998466464,0.5399790798130343,0.5004658565036881,0.14388489208633093,False
20,10,shrinkage_max_diversification,legacy_risk_scaled,,1.0,overall,139,0.4333341327373732,1.2324670701929863,2.4863746816343295,-0.5215643084900144,0.830835480272649,0.01657639713051857,0.002624454572086001,0.007458261943503612,0.7173492711678129,18.077201633428885,0.023971306041972732,0.000717349271167813,0.0,0.5341726618705037,0.45,1.0,0.0,0.8705035971223022,0.5467625899280576,10,120,0.3389341734085101,8.101372763307683,0.16584692632350873,0.22213159998466464,0.5399790798130343,0.5004658565036881,0.14388489208633093,False
20,10,shrinkage_max_diversification,vol_target_25pct_max_1p25,0.25,1.25,overall,139,0.38911158720428163,1.160323894466585,2.5364227549550975,-0.49358676134577606,0.7883347319595032,0.015190283665948033,0.002624454572086001,0.007458261943503612,0.6964507624939217,17.550559214846825,0.022170893955054963,0.0006964507624939217,0.0,0.5262398613692854,0.5,1.0,0.0,0.9568345323741008,0.5467625899280576,10,120,0.329903702067487,8.101372763307683,0.16584692632350873,0.22213159998466464,0.5399790798130343,0.5004658565036881,0.14388489208633093,False
20,10,shrinkage_max_diversification,regime_dd_vol_target_25pct_max_1p25,0.25,1.25,overall,139,0.36455239146319096,1.1262880848072314,2.422978493999667,-0.4939519012610344,0.7380321657483391,0.014376134530779107,0.002624454572086001,0.007458261943503612,0.6800840606588991,17.138118328604257,0.021271436249494048,0.0006800840606588992,0.0,0.5135841214690576,0.5,1.0,0.0,0.9928057553956835,0.5467625899280576,10,120,0.32165712757019793,8.101372763307683,0.16584692632350873,0.22213159998466464,0.5399790798130343,0.5004658565036881,0.14388489208633093,False
20,10,shrinkage_max_diversification,vol_target_30pct_max_1p25,0.3,1.25,overall,139,0.41571893618477773,1.1514594632577817,2.409097329897474,-0.5273277443015458,0.7883502066355417,0.016310256556581172,0.002624454572086001,0.007458261943503612,0.7522401441428554,18.956451632399958,0.02193020847183446,0.0007522401441428555,0.0,0.568268725869346,0.5,1.0,0.0,0.9568345323741008,0.5467625899280576,10,120,0.3569543508400775,8.101372763307683,0.16584692632350873,0.22213159998466464,0.5399790798130343,0.5004658565036881,0.14388489208633093,False
20,10,shrinkage_max_diversification,regime_dd_vol_target_30pct_max_1p25,0.3,1.25,overall,139,0.3925253599996177,1.1337165859901506,2.3675726890929605,-0.5194637994588956,0.7556356389193923,0.015476217879234073,0.002624454572086001,0.007458261943503612,0.7271778429209188,18.324881641607153,0.021420348991961723,0.0007271778429209188,0.0,0.5491655603962354,0.5,1.0,0.0,0.9928057553956835,0.5467625899280576,10,120,0.34400192726834367,8.101372763307683,0.16584692632350873,0.22213159998466464,0.5399790798130343,0.5004658565036881,0.14388489208633093,False
20,10,shrinkage_max_diversification,vol_target_35pct_max_1p25,0.35,1.25,overall,139,0.46356046307903953,1.1496757605390255,2.3587918127550873,-0.572826585353537,0.8092509581987005,0.018260879200709842,0.002624454572086001,0.007458261943503612,0.8380251792762244,21.118234517760854,0.02195072048703579,0.0008380251792762243,0.0,0.6330206162676199,0.5,1.0,0.0,0.9568345323741008,0.5467625899280576,10,120,0.40026429333617974,8.101372763307683,0.16584692632350873,0.22213159998466464,0.5399790798130343,0.5004658565036881,0.14388489208633093,False
20,10,shrinkage_max_diversification,regime_dd_vol_target_35pct_max_1p25,0.35,1.25,overall,139,0.415216993354649,1.1423413776209013,2.3525023284708513,-0.5229595580471227,0.7939753408565385,0.016349911087357664,0.002624454572086001,0.007458261943503612,0.7711985876989026,19.434204410012345,0.02136526839970524,0.0007711985876989026,0.0,0.5799686394012583,0.5,1.0,0.0,0.9928057553956835,0.5467625899280576,10,120,0.3606783116440223,8.101372763307683,0.16584692632350873,0.22213159998466464,0.5399790798130343,0.5004658565036881,0.14388489208633093,False
20,10,inverse_volatility,static_1x,,1.0,overall,139,0.5603541025397802,1.0431961496721978,2.0171421729168912,-0.7422349375040208,0.7549551688096664,0.02439627501115861,0.002624454572086001,0.007458261943503612,1.1276612414660367,28.417063284944124,0.019718930732601985,0.001127661241466037,0.0,1.0,1.0,1.0,0.0,0.0,0.5611510791366906,15,60,0.5893293705832604,14.025244684556524,0.09775470115335247,,,,0.0,False
20,10,inverse_volatility,legacy_risk_scaled,,1.0,overall,139,0.36102098549115835,1.0902797272352538,1.9695497914309963,-0.4973266574878612,0.7259232539731096,0.014434319836342812,0.002624454572086001,0.007458261943503612,0.6149252071819138,15.496115220984228,0.02329751556069214,0.0006149252071819138,0.0,0.5341726618705037,0.45,1.0,0.0,0.8705035971223022,0.5611510791366906,15,60,0.3336252622051664,14.025244684556524,0.09775470115335247,,,,0.0,False
20,10,inverse_volatility,vol_target_25pct_max_1p25,0.25,1.25,overall,139,0.326000893689949,1.053238158488805,2.0268726125110113,-0.48210020663919717,0.6762098194534221,0.013166055390023353,0.002624454572086001,0.007458261943503612,0.5986116750336384,15.085014210847689,0.021610910611905197,0.0005986116750336386,0.0,0.530148538347667,0.5,1.0,0.0,0.9568345323741008,0.5611510791366906,15,60,0.31501383913457504,14.025244684556524,0.09775470115335247,,,,0.0,False
20,10,inverse_volatility,regime_dd_vol_target_25pct_max_1p25,0.25,1.25,overall,139,0.30236027931023846,1.0164650358533738,1.9172253921553282,-0.48209963068775485,0.627173845536651,0.012342361712206151,0.002624454572086001,0.007458261943503612,0.5845144749306642,14.729764768252737,0.020527162793659792,0.0005845144749306643,0.0,0.5168534776355004,0.5,1.0,0.0,0.9928057553956835,0.5611510791366906,15,60,0.30598938888878924,14.025244684556524,0.09775470115335247,,,,0.0,False
20,10,inverse_volatility,vol_target_30pct_max_1p25,0.3,1.25,overall,139,0.3341701907839425,1.0089768922931364,1.8313501996428063,-0.5301662678361662,0.6303120569096805,0.013797735486199017,0.002624454572086001,0.007458261943503612,0.6522622614441755,16.437008988393224,0.02033035274361122,0.0006522622614441757,0.0,0.5771394988865385,0.5,1.0,0.0,0.9568345323741008,0.5611510791366906,15,60,0.34460941267146256,14.025244684556524,0.09775470115335247,,,,0.0,False
20,10,inverse_volatility,regime_dd_vol_target_30pct_max_1p25,0.3,1.25,overall,139,0.32169980468998793,1.0141073534676437,1.8523335554311542,-0.4991700628793023,0.6444693474491756,0.013210792097592683,0.002624454572086001,0.007458261943503612,0.6295728564533886,15.865235982625391,0.020277026137039078,0.0006295728564533887,0.0,0.5560667149615407,0.5,1.0,0.0,0.9928057553956835,0.5611510791366906,15,60,0.32828078774991115,14.025244684556524,0.09775470115335247,,,,0.0,False
20,10,inverse_volatility,vol_target_35pct_max_1p25,0.35,1.25,overall,139,0.3645967999637212,0.9926263819923463,1.767377448966772,-0.5857801438076633,0.6224123569532154,0.015336973914734056,0.002624454572086001,0.007458261943503612,0.7328210218140655,18.46708974971445,0.01974305669735313,0.0007328210218140656,0.0,0.648376672510758,0.5,1.0,0.0,0.9568345323741008,0.5611510791366906,15,60,0.389362754872133,14.025244684556524,0.09775470115335247,,,,0.0,False
20,10,inverse_volatility,regime_dd_vol_target_35pct_max_1p25,0.35,1.25,overall,139,0.34752251983105586,1.043301152001612,1.8979630205036282,-0.5018658162545047,0.6924610295729353,0.01417373970464232,0.002624454572086001,0.007458261943503612,0.6740738721240398,16.9866615775258,0.02045855321512059,0.0006740738721240397,0.0,0.5936310037027898,0.5,1.0,0.0,0.9928057553956835,0.5611510791366906,15,60,0.3423539213694213,14.025244684556524,0.09775470115335247,,,,0.0,False
20,10,shrinkage_min_variance,static_1x,,1.0,overall,139,0.36767471058802315,0.8710796528059951,1.6290549228148372,-0.7503092420350728,0.49003089658175425,0.017292600749359913,0.002624454572086001,0.007458261943503612,1.364729343963727,34.39117946788592,0.010690959608737859,0.001364729343963727,0.0,1.0,1.0,1.0,0.0,0.0,0.5323741007194245,15,60,0.5002683020779092,8.358744245907754,0.17038760943767384,0.23652873232782473,0.6190244151603677,0.41585640018007775,0.0,False
20,10,shrinkage_min_variance,legacy_risk_scaled,,1.0,overall,139,0.24057754707197465,0.9404932552691011,1.6748360130722915,-0.4409335957651155,0.5456094735864261,0.009977561223681108,0.002624454572086001,0.007458261943503612,0.7430904854048017,18.725880232201003,0.012847329155629104,0.0007430904854048017,0.0,0.5341726618705037,0.45,1.0,0.0,0.8705035971223022,0.5323741007194245,15,60,0.2673432705956212,8.358744245907754,0.17038760943767384,0.23652873232782473,0.6190244151603677,0.41585640018007775,0.0,False
20,10,shrinkage_min_variance,vol_target_25pct_max_1p25,0.25,1.25,overall,139,0.25592630098842384,0.911661012981497,1.7016586761416752,-0.5143230550974152,0.49759834495451544,0.010793521870942535,0.002624454572086001,0.007458261943503612,0.7822042307391641,19.711546614626936,0.012983572826219224,0.0007822042307391642,0.0,0.5714293959545336,0.5,1.0,0.0,0.9568345323741008,0.5323741007194245,15,60,0.2983529483817823,8.358744245907754,0.17038760943767384,0.23652873232782473,0.6190244151603677,0.41585640018007775,0.0,False
20,10,shrinkage_min_variance,regime_dd_vol_target_25pct_max_1p25,0.25,1.25,overall,139,0.2254601976338677,0.8656107767896561,1.5743547459944962,-0.5026593879332311,0.4485347395199071,0.00961744730968111,0.002624454572086001,0.007458261943503612,0.7575921057652408,19.091321065284067,0.011809565030250723,0.0007575921057652408,0.0,0.5533309633462219,0.5,1.0,0.0,0.9928057553956835,0.5323741007194245,15,60,0.27998689330419174,8.358744245907754,0.17038760943767384,0.23652873232782473,0.6190244151603677,0.41585640018007775,0.0,False
20,10,shrinkage_min_variance,vol_target_30pct_max_1p25,0.3,1.25,overall,139,0.2800214666089935,0.8846435701609253,1.6127975880734062,-0.5802362707382053,0.4825990389272569,0.01213938472904785,0.002624454572086001,0.007458261943503612,0.9018769190764221,22.727298360725836,0.012320930634363817,0.0009018769190764222,0.0,0.6591261952376324,0.5,1.0,0.0,0.9568345323741008,0.5323741007194245,15,60,0.3458031070257565,8.358744245907754,0.17038760943767384,0.23652873232782473,0.6190244151603677,0.41585640018007775,0.0,False
20,10,shrinkage_min_variance,regime_dd_vol_target_30pct_max_1p25,0.3,1.25,overall,139,0.24699337023883028,0.89910883016782,1.655606439416717,-0.5103507841875687,0.48396784700158907,0.010459959354177683,0.002624454572086001,0.007458261943503612,0.8075345285730676,20.349870120041302,0.012137343815063572,0.0008075345285730679,0.0,0.5886640944749524,0.5,1.0,0.0,0.9928057553956835,0.5323741007194245,15,60,0.2931691547018596,8.358744245907754,0.17038760943767384,0.23652873232782473,0.6190244151603677,0.41585640018007775,0.0,False
20,10,shrinkage_min_variance,vol_target_35pct_max_1p25,0.35,1.25,overall,139,0.3069211988877416,0.8696180074932157,1.5669626019499423,-0.641985775843191,0.478080995618054,0.013699035843763049,0.002624454572086001,0.007458261943503612,1.0361161484837258,26.11012694178989,0.011754871953399307,0.0010361161484837259,0.0,0.7572470126462951,0.5228869488602441,1.0,0.0,0.9568345323741008,0.5323741007194245,15,60,0.3969739590121379,8.358744245907754,0.17038760943767384,0.23652873232782473,0.6190244151603677,0.41585640018007775,0.0,False
20,10,shrinkage_min_variance,regime_dd_vol_target_35pct_max_1p25,0.35,1.25,overall,139,0.24629763964308538,0.8893237412789872,1.6261375788375005,-0.5103507841875686,0.4826046070158754,0.010485065834446704,0.002624454572086001,0.007458261943503612,0.8339899871149785,21.016547675297456,0.01171922446294926,0.0008339899871149787,0.0,0.6051000874380645,0.5,1.0,0.0,0.9928057553956835,0.5323741007194245,15,60,0.2971062693637998,8.358744245907754,0.17038760943767384,0.23652873232782473,0.6190244151603677,0.41585640018007775,0.0,False
20,10,shrinkage_risk_parity,static_1x,,1.0,overall,139,0.5566528238816548,1.0562815541899373,2.0850456975984453,-0.7526942239124377,0.7395470912321114,0.023863350861402285,0.002624454572086001,0.007458261943503612,1.1393535221409745,28.711708757952557,0.01938765918024553,0.0011393535221409744,0.0,1.0,1.0,1.0,0.0,0.0,0.5755395683453237,15,60,0.5693145348623626,13.655302919177693,0.11350218867563645,0.23652873232782473,0.6190244151603677,0.46957699669266106,0.0,False
20,10,shrinkage_risk_parity,legacy_risk_scaled,,1.0,overall,139,0.3608224104599451,1.1295592866068016,2.0854844744400736,-0.4657683941493014,0.7746820415304608,0.014229564380291004,0.002624454572086001,0.007458261943503612,0.6229934977991207,15.699436144537842,0.022983144562518744,0.0006229934977991207,0.0,0.5341726618705037,0.45,1.0,0.0,0.8705035971223022,0.5755395683453237,15,60,0.317455689696929,13.655302919177693,0.11350218867563645,0.23652873232782473,0.6190244151603677,0.46957699669266106,0.0,False
20,10,shrinkage_risk_parity,vol_target_25pct_max_1p25,0.25,1.25,overall,139,0.3277729679722503,1.0706375789274833,2.1077672074335547,-0.4963210292247485,0.6604051585003972,0.013152898777865638,0.002624454572086001,0.007458261943503612,0.6108581623958521,15.393625692375473,0.021292772380102604,0.000610858162395852,0.0,0.5343797284364965,0.5,1.0,0.0,0.9568345323741008,0.5755395683453237,15,60,0.309584733177635,13.655302919177693,0.11350218867563645,0.23652873232782473,0.6190244151603677,0.46957699669266106,0.0,False
20,10,shrinkage_risk_parity,regime_dd_vol_target_25pct_max_1p25,0.25,1.25,overall,139,0.3019472227782225,1.0317533874320406,1.9812307167697687,-0.4953610554771348,0.6095497807904682,0.01225104901289632,0.002624454572086001,0.007458261943503612,0.5964977353977587,15.03174293202352,0.02008730618556257,0.0005964977353977587,0.0,0.5211040421663886,0.5,1.0,0.0,0.9928057553956835,0.5755395683453237,15,60,0.2992250269159619,13.655302919177693,0.11350218867563645,0.23652873232782473,0.6190244151603677,0.46957699669266106,0.0,False
20,10,shrinkage_risk_parity,vol_target_30pct_max_1p25,0.3,1.25,overall,139,0.34846645253377084,1.0436451759737553,1.95801800996657,-0.5445808252973372,0.6398801359623902,0.014195509686740061,0.002624454572086001,0.007458261943503612,0.6776546390120647,17.07689690310403,0.0204057244422686,0.0006776546390120646,0.0,0.5916715852198741,0.5,1.0,0.0,0.9568345323741008,0.5755395683453237,15,60,0.34276672986302903,13.655302919177693,0.11350218867563645,0.23652873232782473,0.6190244151603677,0.46957699669266106,0.0,False
20,10,shrinkage_risk_parity,regime_dd_vol_target_30pct_max_1p25,0.3,1.25,overall,139,0.3308522048289202,1.0492855970540362,1.9804536148939114,-0.5101155995959965,0.6485828018020815,0.01340639938131119,0.002624454572086001,0.007458261943503612,0.650806799174127,16.400331339188,0.020173507350937526,0.0006508067991741267,0.0,0.5675992448251543,0.5,1.0,0.0,0.9928057553956835,0.5755395683453237,15,60,0.3219726501131453,13.655302919177693,0.11350218867563645,0.23652873232782473,0.6190244151603677,0.46957699669266106,0.0,False
20,10,shrinkage_risk_parity,vol_target_35pct_max_1p25,0.35,1.25,overall,139,0.38249297052995845,1.0277331887842833,1.889686148152219,-0.60230273730973,0.6350510247361936,0.01583576722221336,0.002624454572086001,0.007458261943503612,0.7643803102847697,19.262383819176197,0.019856990397480134,0.0007643803102847696,0.0,0.6674791289677737,0.5,1.0,0.0,0.9568345323741008,0.5755395683453237,15,60,0.3882927381880414,13.655302919177693,0.11350218867563645,0.23652873232782473,0.6190244151603677,0.46957699669266106,0.0,False
20,10,shrinkage_risk_parity,regime_dd_vol_target_35pct_max_1p25,0.35,1.25,overall,139,0.3602701236504089,1.0888774694001593,2.064593231326561,-0.5101155995959965,0.7062519239477035,0.014437258013632893,0.002624454572086001,0.007458261943503612,0.6870895661130898,17.31465706604986,0.02080723414134591,0.0006870895661130899,0.0,0.5980548795690972,0.5,1.0,0.0,0.9928057553956835,0.5755395683453237,15,60,0.3341229037863823,13.655302919177693,0.11350218867563645,0.23652873232782473,0.6190244151603677,0.46957699669266106,0.0,False
20,10,shrinkage_max_diversification,static_1x,,1.0,overall,139,0.4482186682946383,0.9542269075980461,1.8617108861414549,-0.7693287302962941,0.5826100737483368,0.02028249045510975,0.002624454572086001,0.007458261943503612,1.3125768097554245,33.076935605836695,0.013550791815658596,0.0013125768097554246,0.0,1.0,1.0,1.0,0.0,0.0,0.5827338129496403,15,60,0.5356364984040745,9.2916135387675,0.1649857268085774,0.23652873232782473,0.6190244151603677,0.43921385112585554,0.0,False
20,10,shrinkage_max_diversification,legacy_risk_scaled,,1.0,overall,139,0.30359898297591537,1.0620012988646268,2.005053519766324,-0.4545098092936235,0.6679701444678472,0.012182337293556228,0.002624454572086001,0.007458261943503612,0.7163825299763794,18.05283975540476,0.01681724244436514,0.0007163825299763793,0.0,0.5341726618705037,0.45,1.0,0.0,0.8705035971223022,0.5827338129496403,15,60,0.289072056809932,9.2916135387675,0.1649857268085774,0.23652873232782473,0.6190244151603677,0.43921385112585554,0.0,False
20,10,shrinkage_max_diversification,vol_target_25pct_max_1p25,0.25,1.25,overall,139,0.28485109907905115,0.9692814647488357,1.888629104188135,-0.5257356652567655,0.541814295478569,0.011804010570725842,0.002624454572086001,0.007458261943503612,0.731404590685041,18.431395685263034,0.015454667890766735,0.0007314045906850411,0.0,0.5540120967424431,0.5,1.0,0.0,0.9568345323741008,0.5827338129496403,15,60,0.3068882230811775,9.2916135387675,0.1649857268085774,0.23652873232782473,0.6190244151603677,0.43921385112585554,0.0,False
20,10,shrinkage_max_diversification,regime_dd_vol_target_25pct_max_1p25,0.25,1.25,overall,139,0.2598323076895628,0.9331830804625005,1.790831929557061,-0.5171816549115651,0.5024004722943867,0.010869249172546516,0.002624454572086001,0.007458261943503612,0.7105713991640173,17.906399258933238,0.014510583838341272,0.0007105713991640174,0.0,0.539347047211624,0.5,1.0,0.0,0.9928057553956835,0.5827338129496403,15,60,0.2935169795539161,9.2916135387675,0.1649857268085774,0.23652873232782473,0.6190244151603677,0.43921385112585554,0.0,False
20,10,shrinkage_max_diversification,vol_target_30pct_max_1p25,0.3,1.25,overall,139,0.31311585895709104,0.95981640662713,1.810093547508161,-0.5733478122957196,0.5461185204550725,0.013162609007544568,0.002624454572086001,0.007458261943503612,0.8229499348044856,20.738338357073037,0.015098406321946206,0.0008229499348044857,0.0,0.6235187624682431,0.5,1.0,0.0,0.9568345323741008,0.5827338129496403,15,60,0.3455845771127574,9.2916135387675,0.1649857268085774,0.23652873232782473,0.6190244151603677,0.43921385112585554,0.0,False
20,10,shrinkage_max_diversification,regime_dd_vol_target_30pct_max_1p25,0.3,1.25,overall,139,0.2873797722067879,0.9762647744546542,1.886307003421856,-0.5266623564334996,0.5456622610222089,0.011894528066055633,0.002624454572086001,0.007458261943503612,0.7626129464179449,19.21784624973221,0.014953797031797585,0.0007626129464179449,0.0,0.578727127097076,0.5,1.0,0.0,0.9928057553956835,0.5827338129496403,15,60,0.30702952222366026,9.2916135387675,0.1649857268085774,0.23652873232782473,0.6190244151603677,0.43921385112585554,0.0,False
20,10,shrinkage_max_diversification,vol_target_35pct_max_1p25,0.35,1.25,overall,139,0.3467415676341288,0.9508828118806582,1.7642762011997806,-0.631944052783862,0.5486902932413885,0.014859695830008327,0.002624454572086001,0.007458261943503612,0.9353085786139653,23.569776181071926,0.014711279605301681,0.0009353085786139653,0.0,0.7090521451723616,0.5,1.0,0.0,0.9568345323741008,0.5827338129496403,15,60,0.3938070288341772,9.2916135387675,0.1649857268085774,0.23652873232782473,0.6190244151603677,0.43921385112585554,0.0,False
20,10,shrinkage_max_diversification,regime_dd_vol_target_35pct_max_1p25,0.35,1.25,overall,139,0.30793655058527136,1.0083281731446085,1.9532126807326684,-0.5266623564334996,0.584694438141705,0.012634318248902668,0.002624454572086001,0.007458261943503612,0.7943836034827272,20.018466807764725,0.015382624131126243,0.0007943836034827271,0.0,0.6008791762219865,0.5,1.0,0.0,0.9928057553956835,0.5827338129496403,15,60,0.31575515625971345,9.2916135387675,0.1649857268085774,0.23652873232782473,0.6190244151603677,0.43921385112585554,0.0,False
20,10,inverse_volatility,static_1x,,1.0,overall,139,0.5603541025397802,1.0431961496721978,2.0171421729168912,-0.7422349375040208,0.7549551688096664,0.02439627501115861,0.002624454572086001,0.007458261943503612,1.1276612414660367,28.417063284944124,0.019718930732601985,0.001127661241466037,0.0,1.0,1.0,1.0,0.0,0.0,0.5611510791366906,15,120,0.5893293705832604,14.025244684556524,0.09775470115335247,,,,0.0,False
20,10,inverse_volatility,legacy_risk_scaled,,1.0,overall,139,0.36102098549115835,1.0902797272352538,1.9695497914309963,-0.4973266574878612,0.7259232539731096,0.014434319836342812,0.002624454572086001,0.007458261943503612,0.6149252071819138,15.496115220984228,0.02329751556069214,0.0006149252071819138,0.0,0.5341726618705037,0.45,1.0,0.0,0.8705035971223022,0.5611510791366906,15,120,0.3336252622051664,14.025244684556524,0.09775470115335247,,,,0.0,False
20,10,inverse_volatility,vol_target_25pct_max_1p25,0.25,1.25,overall,139,0.326000893689949,1.053238158488805,2.0268726125110113,-0.48210020663919717,0.6762098194534221,0.013166055390023353,0.002624454572086001,0.007458261943503612,0.5986116750336384,15.085014210847689,0.021610910611905197,0.0005986116750336386,0.0,0.530148538347667,0.5,1.0,0.0,0.9568345323741008,0.5611510791366906,15,120,0.31501383913457504,14.025244684556524,0.09775470115335247,,,,0.0,False
20,10,inverse_volatility,regime_dd_vol_target_25pct_max_1p25,0.25,1.25,overall,139,0.30236027931023846,1.0164650358533738,1.9172253921553282,-0.48209963068775485,0.627173845536651,0.012342361712206151,0.002624454572086001,0.007458261943503612,0.5845144749306642,14.729764768252737,0.020527162793659792,0.0005845144749306643,0.0,0.5168534776355004,0.5,1.0,0.0,0.9928057553956835,0.5611510791366906,15,120,0.30598938888878924,14.025244684556524,0.09775470115335247,,,,0.0,False
20,10,inverse_volatility,vol_target_30pct_max_1p25,0.3,1.25,overall,139,0.3341701907839425,1.0089768922931364,1.8313501996428063,-0.5301662678361662,0.6303120569096805,0.013797735486199017,0.002624454572086001,0.007458261943503612,0.6522622614441755,16.437008988393224,0.02033035274361122,0.0006522622614441757,0.0,0.5771394988865385,0.5,1.0,0.0,0.9568345323741008,0.5611510791366906,15,120,0.34460941267146256,14.025244684556524,0.09775470115335247,,,,0.0,False
20,10,inverse_volatility,regime_dd_vol_target_30pct_max_1p25,0.3,1.25,overall,139,0.32169980468998793,1.0141073534676437,1.8523335554311542,-0.4991700628793023,0.6444693474491756,0.013210792097592683,0.002624454572086001,0.007458261943503612,0.6295728564533886,15.865235982625391,0.020277026137039078,0.0006295728564533887,0.0,0.5560667149615407,0.5,1.0,0.0,0.9928057553956835,0.5611510791366906,15,120,0.32828078774991115,14.025244684556524,0.09775470115335247,,,,0.0,False
20,10,inverse_volatility,vol_target_35pct_max_1p25,0.35,1.25,overall,139,0.3645967999637212,0.9926263819923463,1.767377448966772,-0.5857801438076633,0.6224123569532154,0.015336973914734056,0.002624454572086001,0.007458261943503612,0.7328210218140655,18.46708974971445,0.01974305669735313,0.0007328210218140656,0.0,0.648376672510758,0.5,1.0,0.0,0.9568345323741008,0.5611510791366906,15,120,0.389362754872133,14.025244684556524,0.09775470115335247,,,,0.0,False
20,10,inverse_volatility,regime_dd_vol_target_35pct_max_1p25,0.35,1.25,overall,139,0.34752251983105586,1.043301152001612,1.8979630205036282,-0.5018658162545047,0.6924610295729353,0.01417373970464232,0.002624454572086001,0.007458261943503612,0.6740738721240398,16.9866615775258,0.02045855321512059,0.0006740738721240397,0.0,0.5936310037027898,0.5,1.0,0.0,0.9928057553956835,0.5611510791366906,15,120,0.3423539213694213,14.025244684556524,0.09775470115335247,,,,0.0,False
20,10,shrinkage_min_variance,static_1x,,1.0,overall,139,0.4031401606361129,0.9095612312710357,1.8454875055915774,-0.6825992876549982,0.5905956363081784,0.018423520174236006,0.002624454572086001,0.007458261943503612,1.3271600037098437,33.44443209348806,0.012054029188153206,0.0013271600037098436,0.0,1.0,1.0,1.0,0.0,0.0,0.539568345323741,15,120,0.5104359029704522,9.357454391887408,0.1551642164629946,0.23250570918518784,0.6136489009895263,0.40586060299166143,0.19424460431654678,False
20,10,shrinkage_min_variance,legacy_risk_scaled,,1.0,overall,139,0.24750242617674312,0.9507859014872558,1.8088786674440978,-0.41192837773388125,0.6008384941535577,0.010223184904549865,0.002624454572086001,0.007458261943503612,0.7272578024544899,18.326896621853145,0.013504873808346753,0.0007272578024544898,0.0,0.5341726618705037,0.45,1.0,0.0,0.8705035971223022,0.539568345323741,15,120,0.2709592761016658,9.357454391887408,0.1551642164629946,0.23250570918518784,0.6136489009895263,0.40586060299166143,0.19424460431654678,False
20,10,shrinkage_min_variance,vol_target_25pct_max_1p25,0.25,1.25,overall,139,0.27961087845683097,0.9719008786653632,1.97400191219364,-0.44394909922680503,0.629826434930963,0.011535304746466196,0.002624454572086001,0.007458261943503612,0.7613184931391341,19.18522602710618,0.014574281171448171,0.0007613184931391342,0.0,0.5720199583098653,0.5,1.0,0.0,0.9568345323741008,0.539568345323741,15,120,0.29909395699912317,9.357454391887408,0.1551642164629946,0.23250570918518784,0.6136489009895263,0.40586060299166143,0.19424460431654678,False
20,10,shrinkage_min_variance,regime_dd_vol_target_25pct_max_1p25,0.25,1.25,overall,139,0.2501820293171917,0.9273513216478336,1.8278311703015142,-0.4372463082243838,0.5721764246178713,0.010445294172688904,0.002624454572086001,0.007458261943503612,0.7408211021528366,18.66869177425148,0.01340115485018889,0.0007408211021528366,0.0,0.5554237627463723,0.5,1.0,0.0,0.9928057553956835,0.539568345323741,15,120,0.2838421717931406,9.357454391887408,0.1551642164629946,0.23250570918518784,0.6136489009895263,0.40586060299166143,0.19424460431654678,False
20,10,shrinkage_min_variance,vol_target_30pct_max_1p25,0.3,1.25,overall,139,0.3182044399917858,0.9698178129208325,1.9337583167061851,-0.49529820883465425,0.6424502134592056,0.013281319588966932,0.002624454572086001,0.007458261943503612,0.8691570737855092,21.902758259394833,0.014528053326584892,0.0008691570737855092,0.0,0.6521983820786847,0.5,1.0,0.0,0.9568345323741008,0.539568345323741,15,120,0.34510528594434864,9.357454391887408,0.1551642164629946,0.23250570918518784,0.6136489009895263,0.40586060299166143,0.19424460431654678,False
20,10,shrinkage_min_variance,regime_dd_vol_target_30pct_max_1p25,0.3,1.25,overall,139,0.2705437661876706,0.9512815385272706,1.891628476845764,-0.446479967352605,0.6059482753321612,0.01125036733305571,0.002624454572086001,0.007458261943503612,0.7972921952922636,20.091763321365043,0.013465406786868807,0.0007972921952922636,0.0,0.5957444010360968,0.5,1.0,0.0,0.9928057553956835,0.539568345323741,15,120,0.2980287594269091,9.357454391887408,0.1551642164629946,0.23250570918518784,0.6136489009895263,0.40586060299166143,0.19424460431654678,False
20,10,shrinkage_min_variance,vol_target_35pct_max_1p25,0.35,1.25,overall,139,0.35041091206503583,0.9521183887909821,1.8712492046632678,-0.5555152999490864,0.6307853484812234,0.01494913733204531,0.002624454572086001,0.007458261943503612,0.9921162124400683,25.00132855348972,0.014015691658758869,0.0009921162124400683,0.0,0.7439616388479772,0.5,1.0,0.0,0.9568345323741008,0.539568345323741,15,120,0.39566325490877846,9.357454391887408,0.1551642164629946,0.23250570918518784,0.6136489009895263,0.40586060299166143,0.19424460431654678,False
20,10,shrinkage_min_variance,regime_dd_vol_target_35pct_max_1p25,0.35,1.25,overall,139,0.2788465060169949,0.959506723259147,1.8993550718000474,-0.4464799673526051,0.6245442716509998,0.011583398547312636,0.002624454572086001,0.007458261943503612,0.8286227099736664,20.881292291336393,0.013353891230797423,0.0008286227099736665,0.0,0.6162994462598455,0.5,1.0,0.0,0.9928057553956835,0.539568345323741,15,120,0.3042205294828774,9.357454391887408,0.1551642164629946,0.23250570918518784,0.6136489009895263,0.40586060299166143,0.19424460431654678,False
20,10,shrinkage_risk_parity,static_1x,,1.0,overall,139,0.5280045820505963,1.0240546237470578,1.950911998670644,-0.7486536829119566,0.7052721359719684,0.02307701478983378,0.002624454572086001,0.007458261943503612,1.1406395602048436,28.744116917162057,0.01836913562424818,0.0011406395602048443,0.0,1.0,1.0,1.0,0.0,0.0,0.5467625899280576,15,120,0.5678806181021182,13.594449078822402,0.113742579793759,0.23250570918518784,0.6136489009895263,0.46248895565146697,0.19424460431654678,False
20,10,shrinkage_risk_parity,legacy_risk_scaled,,1.0,overall,139,0.3427377410602028,1.0947546617714417,1.953243128106186,-0.49139814931649095,0.6974746273198893,0.013661996399358072,0.002624454572086001,0.007458261943503612,0.623964368247164,15.72390207982853,0.021797244686475457,0.000623964368247164,0.0,0.5341726618705037,0.45,1.0,0.0,0.8705035971223022,0.5467625899280576,15,120,0.31448352885452363,13.594449078822402,0.113742579793759,0.23250570918518784,0.6136489009895263,0.46248895565146697,0.19424460431654678,False
20,10,shrinkage_risk_parity,vol_target_25pct_max_1p25,0.25,1.25,overall,139,0.3121283465798259,1.0317890271776073,1.9383670203098198,-0.4961708793738828,0.629074295883104,0.012681878785323676,0.002624454572086001,0.007458261943503612,0.6160979869588336,15.525669271362606,0.020104018778472413,0.0006160979869588337,0.0,0.5389814427222835,0.5,1.0,0.0,0.9568345323741008,0.5467625899280576,15,120,0.3097371041678514,13.594449078822402,0.113742579793759,0.23250570918518784,0.6136489009895263,0.46248895565146697,0.19424460431654678,False
20,10,shrinkage_risk_parity,regime_dd_vol_target_25pct_max_1p25,0.25,1.25,overall,139,0.28907146352460833,0.9958235843086636,1.8367123654551158,-0.49372806259321356,0.585487205256908,0.011865110244392147,0.002624454572086001,0.007458261943503612,0.6013345631433171,15.15363099121159,0.019076052709232294,0.0006013345631433173,0.0,0.5253282677057277,0.5,1.0,0.0,0.9928057553956835,0.5467625899280576,15,120,0.30025476687847197,13.594449078822402,0.113742579793759,0.23250570918518784,0.6136489009895263,0.46248895565146697,0.19424460431654678,False
20,10,shrinkage_risk_parity,vol_target_30pct_max_1p25,0.3,1.25,overall,139,0.3346250508993236,1.0110354561360047,1.8216338093937783,-0.5448746108200971,0.614132213640264,0.013801867249586482,0.002624454572086001,0.007458261943503612,0.6862125204925587,17.292555516412477,0.01935081547558016,0.0006862125204925587,0.0,0.5990680501251152,0.5,1.0,0.0,0.9568345323741008,0.5467625899280576,15,120,0.3440107392660939,13.594449078822402,0.113742579793759,0.23250570918518784,0.6136489009895263,0.46248895565146697,0.19424460431654678,False
20,10,shrinkage_risk_parity,regime_dd_vol_target_30pct_max_1p25,0.3,1.25,overall,139,0.31956986098852225,1.0206867693510453,1.8621240819533913,-0.505181259267393,0.6325845528235907,0.013076244511819088,0.002624454572086001,0.007458261943503612,0.6571254357771164,16.55956098158333,0.0192982085300408,0.0006571254357771166,0.0,0.5726690407852867,0.5,1.0,0.0,0.9928057553956835,0.5467625899280576,15,120,0.3228427874178788,13.594449078822402,0.113742579793759,0.23250570918518784,0.6136489009895263,0.46248895565146697,0.19424460431654678,False
20,10,shrinkage_risk_parity,vol_target_35pct_max_1p25,0.35,1.25,overall,139,0.36796905798336743,0.997576700142339,1.768115804584011,-0.6013750657480171,0.6118794724647773,0.015442660595410222,0.002624454572086001,0.007458261943503612,0.7731396614372098,19.483119468217687,0.018886557595852446,0.0007731396614372097,0.0,0.6746262135066593,0.5,1.0,0.0,0.9568345323741008,0.5467625899280576,15,120,0.3901003771928626,13.594449078822402,0.113742579793759,0.23250570918518784,0.6136489009895263,0.46248895565146697,0.19424460431654678,False
20,10,shrinkage_risk_parity,regime_dd_vol_target_35pct_max_1p25,0.35,1.25,overall,139,0.3456008388825782,1.056828138636357,1.930417248980136,-0.5051812592673932,0.6841125487983535,0.013998344714004565,0.002624454572086001,0.007458261943503612,0.6903739550975714,17.3974236684588,0.019865058497663995,0.0006903739550975713,0.0,0.5999212527437346,0.5,1.0,0.0,0.9928057553956835,0.5467625899280576,15,120,0.3337896427020622,13.594449078822402,0.113742579793759,0.23250570918518784,0.6136489009895263,0.46248895565146697,0.19424460431654678,False
20,10,shrinkage_max_diversification,static_1x,,1.0,overall,139,0.46897140008914007,0.965051124675179,1.9351615141786234,-0.7747275127162362,0.6053372216573298,0.021066840572629243,0.002624454572086001,0.007458261943503612,1.2664206755988219,31.91380102509031,0.014694940277419147,0.0012664206755988222,0.0,1.0,1.0,1.0,0.0,0.0,0.5683453237410072,15,120,0.5501101121548811,10.367142979934254,0.15025861588438577,0.23250570918518784,0.6136489009895263,0.43388103909425535,0.19424460431654678,False
20,10,shrinkage_max_diversification,legacy_risk_scaled,,1.0,overall,139,0.3138696779098804,1.0740510190282035,2.0428086679037714,-0.48899412096555483,0.6418679989242441,0.012550188431991297,0.002624454572086001,0.007458261943503612,0.6932084617296571,17.468853235587357,0.017967388796333153,0.0006932084617296571,0.0,0.5341726618705037,0.45,1.0,0.0,0.8705035971223022,0.5683453237410072,15,120,0.2944597071118052,10.367142979934254,0.15025861588438577,0.23250570918518784,0.6136489009895263,0.43388103909425535,0.19424460431654678,False
20,10,shrinkage_max_diversification,vol_target_25pct_max_1p25,0.25,1.25,overall,139,0.2941858955361951,0.9929770809080858,1.9664706994503027,-0.5309530700041425,0.5540713711927494,0.012084101145378588,0.002624454572086001,0.007458261943503612,0.6955648542407076,17.52823432686583,0.01678354419790539,0.0006955648542407078,0.0,0.5495099298125309,0.5,1.0,0.0,0.9568345323741008,0.5683453237410072,15,120,0.3066730891563529,10.367142979934254,0.15025861588438577,0.23250570918518784,0.6136489009895263,0.43388103909425535,0.19424460431654678,False
20,10,shrinkage_max_diversification,regime_dd_vol_target_25pct_max_1p25,0.25,1.25,overall,139,0.27247528289960554,0.9602494472844885,1.882630443183068,-0.5234242077475468,0.5205630134535606,0.011290195734239368,0.002624454572086001,0.007458261943503612,0.6774771317917297,17.07242372115159,0.015959964873764637,0.0006774771317917299,0.0,0.5349670557122043,0.5,1.0,0.0,0.9928057553956835,0.5683453237410072,15,120,0.2962906495884093,10.367142979934254,0.15025861588438577,0.23250570918518784,0.6136489009895263,0.43388103909425535,0.19424460431654678,False
20,10,shrinkage_max_diversification,vol_target_30pct_max_1p25,0.3,1.25,overall,139,0.3307932788633905,0.9961706307956493,1.9289554040716397,-0.5768018575888556,0.5734955158538688,0.013695988622188406,0.002624454572086001,0.007458261943503612,0.781877113454268,19.703303259047555,0.016788721896745594,0.0007818771134542681,0.0,0.6177858117466664,0.5,1.0,0.0,0.9568345323741008,0.5683453237410072,15,120,0.346465658201028,10.367142979934254,0.15025861588438577,0.23250570918518784,0.6136489009895263,0.43388103909425535,0.19424460431654678,False
20,10,shrinkage_max_diversification,regime_dd_vol_target_30pct_max_1p25,0.3,1.25,overall,139,0.2979593313650637,0.9849773641000487,1.9330192709733773,-0.5317092776311843,0.5603801624310583,0.012298822271065752,0.002624454572086001,0.007458261943503612,0.7346895419223284,18.514176456442673,0.016093577376560978,0.0007346895419223284,0.0,0.5772143847123379,0.5,1.0,0.0,0.9928057553956835,0.5683453237410072,15,120,0.31465730333207526,10.367142979934254,0.15025861588438577,0.23250570918518784,0.6136489009895263,0.43388103909425535,0.19424460431654678,False
20,10,shrinkage_max_diversification,vol_target_35pct_max_1p25,0.35,1.25,overall,139,0.36733028263390444,0.9857015542317068,1.880629227375332,-0.6353732599695637,0.5781330530836325,0.01546817642779151,0.002624454572086001,0.007458261943503612,0.8856330993326978,22.317954103183986,0.01645895860057797,0.0008856330993326979,0.0,0.699532298714149,0.5,1.0,0.0,0.9568345323741008,0.5683453237410072,15,120,0.3954524006854889,10.367142979934254,0.15025861588438577,0.23250570918518784,0.6136489009895263,0.43388103909425535,0.19424460431654678,False
20,10,shrinkage_max_diversification,regime_dd_vol_target_35pct_max_1p25,0.35,1.25,overall,139,0.3186630794914469,1.0167725593277939,1.996395706309963,-0.531709277631184,0.599318260744145,0.013036445925256252,0.002624454572086001,0.007458261943503612,0.7689841057464395,19.378399464810276,0.01644424143852103,0.0007689841057464395,0.0,0.6009142880596013,0.5,1.0,0.0,0.9928057553956835,0.5683453237410072,15,120,0.3230992362083875,10.367142979934254,0.15025861588438577,0.23250570918518784,0.6136489009895263,0.43388103909425535,0.19424460431654678,False
