policy,sleeve_budget,policy_variant,comparator,drawdown_absolute_improvement,expected_shortfall_95_relative_improvement,maximum_recovery_days_relative_reduction,annualized_return_drag,sharpe_delta,years_with_drawdown_improvement,holdout_drawdown_delta,holdout_sharpe_delta,required_cost_stress_bps,stressed_sharpe_delta,stressed_drawdown_absolute_improvement,stressed_annualized_return_drag,drawdown_gate,expected_shortfall_gate,recovery_gate,return_drag_gate,sharpe_gate,yearly_drawdown_gate,holdout_drawdown_gate,holdout_sharpe_gate,cost_stress_gate,all_gates_pass
strategic_gold_10,0.05,strategic_gold_10@5%,baseline_cash_yield,0.020523715409993315,0.04784895286587642,0.0,0.015547514885108082,0.019164513278778106,6,0.00699042958088103,0.04459402891111042,25.0,0.01597519316626883,0.01968548533715264,0.017220180929572004,False,False,False,True,True,True,True,True,False,False
strategic_oil_10,0.05,strategic_oil_10@5%,baseline_cash_yield,0.036335168078542424,0.046830689001254935,0.0,0.003954020970178718,0.04182251735956921,6,0.018248775467410216,0.06551384193525944,25.0,0.03864205827598233,0.03547048706152012,0.005639403237735596,False,False,False,True,True,True,True,True,False,False
strategic_diversified_10,0.05,strategic_diversified_10@5%,baseline_cash_yield,0.02092659670931496,0.04810374730174283,0.0,0.02035479412192398,0.009745396275504525,6,0.009691962858831449,0.02482658293511264,25.0,0.0065536370718652925,0.020087569358996138,0.02202212896954503,False,False,False,True,True,True,True,True,False,False
regime_fixed_20,0.05,regime_fixed_20@5%,baseline_cash_yield,-0.00020917444119983308,-0.0006775090407422649,0.0,-0.002721621631667226,0.0034425049190141,2,0.0034045797470779737,0.01621707598205724,25.0,0.00028004998518338375,-0.0010574452750138352,-0.0009614441466920809,False,False,False,True,True,False,True,True,False,False
regime_trend_20,0.05,regime_trend_20@5%,baseline_cash_yield,0.0026504341708878387,-0.0001950069387273001,0.0,-0.000898216409618291,0.0019088143085310705,4,0.0019253895566634371,0.013924969370276763,25.0,-0.0036558662375552053,0.0011358505005306663,0.0021193775633476797,False,False,False,True,True,True,True,True,False,False
diversified_trend_overlay_20,0.05,diversified_trend_overlay_20@5%,baseline_cash_yield,0.0018584004131789733,-0.004138475839182338,0.0,0.001524767238866298,-0.0022275536777798255,3,0.002683875686120718,0.004789377406135387,25.0,-0.008135363449940591,0.00017962582750796763,0.004666915708308128,False,False,False,True,False,False,True,True,False,False
strategic_gold_10,0.1,strategic_gold_10@10%,baseline_cash_yield,0.04158058798735498,0.09569790573175257,0.0,0.03140303944131406,0.03945660635880888,6,0.014003475956517186,0.09237166229402183,25.0,0.03624593913196894,0.040755814528079415,0.03299231611756026,False,False,False,True,True,True,True,True,False,False
strategic_oil_10,0.1,strategic_oil_10@10%,baseline_cash_yield,0.07473351232205261,0.07598932937695023,0.0,0.008714771907735619,0.08358490554105646,6,0.02631395190453789,0.13104416712015654,25.0,0.0804024859720105,0.07385621395495812,0.010327654865537328,False,False,False,True,True,True,True,True,False,False
strategic_diversified_10,0.1,strategic_diversified_10@10%,baseline_cash_yield,0.04245343080298225,0.09620749460348578,0.0,0.04085378135821549,0.020171707168143316,6,0.019461211725463,0.051954390885834645,25.0,0.016955620940754423,0.04162703277795965,0.04243291665583904,False,False,False,True,True,True,True,True,False,False
regime_fixed_20,0.1,regime_fixed_20@10%,baseline_cash_yield,-0.0004472341081975806,-0.0013550180814845298,0.0,-0.0054153676523969185,0.006640567611996273,2,0.006813593452904332,0.03217293859557113,25.0,0.0034854278517870707,-0.0012946255079970825,-0.0036522486094012763,False,False,False,True,True,False,True,True,False,False
regime_trend_20,0.1,regime_trend_20@10%,baseline_cash_yield,0.00525493625691853,-0.0003900138774544689,0.0,-0.001733181037292697,0.0033565718899510877,5,0.003853097216123924,0.027710439439574852,25.0,-0.00459900819391601,0.0030699931881472686,0.0025447119455925815,False,False,False,True,True,True,True,True,False,False
diversified_trend_overlay_20,0.1,diversified_trend_overlay_20@10%,baseline_cash_yield,0.0036970668833032905,-0.008276951678364414,0.0,0.003083045575487997,-0.004716352709043026,3,0.005372652959767854,0.009349844121841144,25.0,-0.013366901553971466,0.001183994475449035,0.007606510400150812,False,False,False,True,False,False,True,True,False,False
strategic_gold_10,0.15,strategic_gold_10@15%,baseline_cash_yield,0.06317322152598426,0.14354685859762886,0.0,0.04755442853159075,0.06086195827789043,6,0.021039071742165905,0.14345277904775156,25.0,0.05762838613021892,0.062364608702075275,0.049061513148672686,False,True,False,True,True,True,True,True,False,False
strategic_oil_10,0.15,strategic_oil_10@15%,baseline_cash_yield,0.11527369367660323,0.10514796975264551,0.03604651162790698,0.014272221533402796,0.12415398668881217,6,0.03440228039909521,0.19419605919555272,25.0,0.12098154154456187,0.11438714712292919,0.015812042276521998,True,True,False,True,True,True,True,True,True,False
strategic_diversified_10,0.15,strategic_diversified_10@15%,baseline_cash_yield,0.06458748555756932,0.1443112419052286,0.0,0.061484782740502286,0.03132055401546663,6,0.029308174258171893,0.08168002374840677,25.0,0.02807797155125602,0.06377640318499533,0.06297741487935316,False,True,False,False,True,True,True,True,False,False
regime_fixed_20,0.15,regime_fixed_20@15%,baseline_cash_yield,-0.0007141486446438083,-0.0020325271222270576,0.0,-0.008081066763935718,0.009595400553904065,2,0.01022701570154283,0.04786158966649934,25.0,0.006447987437922853,-0.0015606140712620675,-0.006315037813046764,False,False,False,True,True,False,True,True,False,False
regime_trend_20,0.15,regime_trend_20@15%,baseline_cash_yield,0.007812547418877935,-0.001806714042041693,0.0,-0.0025046688557948116,0.004342308860066479,4,0.00578312216791943,0.04135249423670562,25.0,-0.005997376462482107,0.004952557460164764,0.0030332963344044117,False,False,False,True,True,True,True,True,False,False
diversified_trend_overlay_20,0.15,diversified_trend_overlay_20@15%,baseline_cash_yield,0.005515722248568888,-0.012415427517546622,0.0,0.004674790665726292,-0.007465684589832877,3,0.008066335753953657,0.013680931433812216,25.0,-0.018861536945748103,0.0021638298154124103,0.01057586431320745,False,False,False,True,False,False,True,True,False,False
strategic_gold_10,0.2,strategic_gold_10@20%,baseline_cash_yield,0.08530377082843932,0.18893776196081485,0.0,0.06398954716914429,0.0833111664724826,6,0.02809714905768701,0.19786372962356014,25.0,0.08005290877793758,0.08451414475933883,0.0654156831928403,True,True,False,False,True,True,True,True,False,False
strategic_oil_10,0.2,strategic_oil_10@20%,baseline_cash_yield,0.1580348065992716,0.1315690227495216,0.03604651162790698,0.020615474553472124,0.16201979698913993,6,0.04251339038226054,0.2515218125540706,25.0,0.15887240053491825,0.15714281653388085,0.022081783850893322,True,True,False,True,True,True,True,True,True,False
strategic_diversified_10,0.2,strategic_diversified_10@20%,baseline_cash_yield,0.08733541748744866,0.1912207867563818,0.0,0.08223576223920248,0.04322409335457489,6,0.03923327959784395,0.11434006055676393,25.0,0.039952547794905646,0.08654247290993144,0.08364361191635927,True,True,False,False,True,True,True,True,False,False
regime_fixed_20,0.2,regime_fixed_20@20%,baseline_cash_yield,-0.001009883458542915,-0.0027100361629694538,0.0,-0.010718548486517987,0.012308574648457027,2,0.013644820955689752,0.06327730313144952,25.0,0.009169289888348198,-0.0018553765061660732,-0.008949641458232405,False,False,False,True,True,False,True,True,False,False
regime_trend_20,0.2,regime_trend_20@20%,baseline_cash_yield,0.01032231268807926,-0.005107473116857685,0.0,-0.0032124563868771716,0.0048664930245923,4,0.007715463594144656,0.05484728841282438,25.0,-0.007848173796070501,0.006782783963629191,0.00358521750119567,False,False,False,True,True,True,True,True,False,False
diversified_trend_overlay_20,0.2,diversified_trend_overlay_20@20%,baseline_cash_yield,0.007314090618686597,-0.016553903356729092,-0.16627906976744186,0.00629995670490846,-0.010474379256445454,3,0.010764928001501084,0.017782369804332898,25.0,-0.024616373008410797,0.0031189619957283643,0.01357485201997588,False,False,False,True,False,False,True,True,False,False
