ticker,sec_mapping_status,fetch_status,cik,error
MU,mapped,pass,723125.0,
NVDA,mapped,pass,1045810.0,
TSLA,mapped,pass,1318605.0,
AMD,mapped,pass,2488.0,
INTC,mapped,pass,50863.0,
AAPL,mapped,pass,320193.0,
MSFT,mapped,pass,789019.0,
AMZN,mapped,pass,1018724.0,
GOOGL,mapped,pass,1652044.0,
META,mapped,pass,1326801.0,
AVGO,mapped,pass,1730168.0,
GOOG,mapped,pass,1652044.0,
MRVL,mapped,pass,1835632.0,
TSM,mapped,pass,1046179.0,
PLTR,mapped,pass,1321655.0,
ORCL,mapped,pass,1341439.0,
LITE,mapped,pass,1633978.0,
QCOM,mapped,pass,804328.0,
AMAT,mapped,pass,6951.0,
WDC,mapped,pass,106040.0,
LLY,mapped,pass,59478.0,
STX,mapped,pass,1137789.0,
LRCX,mapped,pass,707549.0,
BE,mapped,pass,1664703.0,
ASML,mapped,pass,937966.0,
MSTR,mapped,pass,1050446.0,
GEV,mapped,pass,1996810.0,
CSCO,mapped,pass,858877.0,
JPM,mapped,pass,19617.0,
DELL,mapped,pass,1571996.0,
RKLB,mapped,pass,1819994.0,
HOOD,mapped,pass,1783879.0,
NOW,mapped,pass,1373715.0,
BRK.B,mapped,pass,1067983.0,
WMT,mapped,pass,104169.0,
CAT,mapped,pass,18230.0,
APP,mapped,pass,1751008.0,
V,mapped,pass,1403161.0,
TXN,mapped,pass,97476.0,
XOM,mapped,pass,2115436.0,
CRM,mapped,pass,1108524.0,
GLW,mapped,pass,24741.0,
KLAC,mapped,pass,319201.0,
IREN,mapped,pass,1878848.0,
GS,mapped,pass,886982.0,
COST,mapped,pass,909832.0,
COHR,mapped,pass,820318.0,
PANW,mapped,pass,1327567.0,
MA,mapped,pass,1141391.0,
IBM,mapped,pass,51143.0,
VRT,mapped,pass,1674101.0,
AAOI,mapped,pass,1158114.0,
JNJ,mapped,pass,200406.0,
ADI,mapped,pass,6281.0,
ALAB,mapped,pass,1736297.0,
BAC,mapped,pass,70858.0,
CRWD,mapped,pass,1535527.0,
CRDO,mapped,pass,1807794.0,
ASTS,mapped,pass,1780312.0,
CVX,mapped,pass,93410.0,
GE,mapped,pass,40545.0,
IONQ,mapped,pass,1824920.0,
COIN,mapped,pass,1679788.0,
C,mapped,pass,831001.0,
HD,mapped,pass,354950.0,
BA,mapped,pass,12927.0,
ANET,mapped,pass,1596532.0,
SMCI,mapped,pass,1375365.0,
APH,mapped,pass,820313.0,
TER,mapped,pass,97210.0,
INTU,mapped,pass,896878.0,
ABBV,mapped,pass,1551152.0,
ON,mapped,pass,1097864.0,
PG,mapped,pass,80424.0,
SOFI,mapped,pass,1818874.0,
UBER,mapped,pass,1543151.0,
ADBE,mapped,pass,796343.0,
SNOW,mapped,pass,1640147.0,
CIEN,mapped,pass,936395.0,
BKNG,mapped,pass,1075531.0,
WFC,mapped,pass,72971.0,
KO,mapped,pass,21344.0,
PEP,mapped,pass,77476.0,
MCD,mapped,pass,63908.0,
LIN,mapped,pass,1707925.0,
MPWR,mapped,pass,1280452.0,
MS,mapped,pass,895421.0,
VZ,mapped,pass,732712.0,
MRK,mapped,pass,310158.0,
ABT,mapped,pass,1800.0,
NXPI,mapped,pass,1413447.0,
AAL,mapped,pass,6201.0,
TMO,mapped,pass,97745.0,
MCHP,mapped,pass,827054.0,
T,mapped,pass,732717.0,
DDOG,mapped,pass,1561550.0,
SCHW,mapped,pass,316709.0,
TMUS,mapped,pass,1283699.0,
RTX,mapped,pass,101829.0,
ETN,mapped,pass,1551182.0,
ISRG,mapped,pass,1035267.0,
HON,mapped,pass,773840.0,
AZO,mapped,pass,866787.0,
BSX,mapped,pass,885725.0,
AXP,mapped,pass,4962.0,
AXTI,mapped,pass,1051627.0,
SHOP,mapped,pass,1594805.0,
ACN,mapped,pass,1467373.0,
PFE,mapped,pass,78003.0,
FCX,mapped,pass,831259.0,
NEE,mapped,pass,753308.0,
CEG,mapped,pass,1868275.0,
NKE,mapped,pass,320187.0,
DIS,mapped,pass,1744489.0,
SPGI,mapped,pass,64040.0,
COF,mapped,pass,927628.0,
GILD,mapped,pass,882095.0,
SPOT,mapped,pass,1639920.0,
SYK,mapped,pass,310764.0,
AMGN,mapped,pass,318154.0,
TJX,mapped,pass,109198.0,
SNPS,mapped,pass,883241.0,
CMCSA,mapped,pass,1166691.0,
FIX,mapped,pass,1035983.0,
MCK,mapped,pass,927653.0,
NEM,mapped,pass,1164727.0,
COP,mapped,pass,1163165.0,
PM,mapped,pass,1413329.0,
ECHO,mapped,pass,1415404.0,
PWR,mapped,pass,1050915.0,
MDT,mapped,pass,1613103.0,
DHR,mapped,pass,313616.0,
FLEX,mapped,pass,866374.0,
HPE,mapped,pass,1645590.0,
CME,mapped,pass,1156375.0,
DASH,mapped,pass,1792789.0,
CDNS,mapped,pass,813672.0,
OKLO,mapped,pass,1849056.0,
APLD,mapped,pass,1144879.0,
FTNT,mapped,pass,1262039.0,
MELI,mapped,pass,1099590.0,
CVNA,mapped,pass,1690820.0,
CLS,mapped,pass,1030894.0,
NET,mapped,pass,1477333.0,
STM,mapped,pass,932787.0,
RDDT,mapped,pass,1713445.0,
UNP,mapped,pass,100885.0,
SLB,mapped,pass,87347.0,
DE,mapped,pass,315189.0,
SBUX,mapped,pass,829224.0,
VLO,mapped,pass,1035002.0,
CVS,mapped,pass,64803.0,
WULF,mapped,pass,1083301.0,
CCL,mapped,pass,815097.0,
VST,mapped,pass,1692819.0,
RCL,mapped,pass,884887.0,
SHW,mapped,pass,89800.0,
F,mapped,pass,37996.0,
BLK,mapped,pass,2012383.0,
WELL,mapped,pass,766704.0,
LMT,mapped,pass,936468.0,
PYPL,mapped,pass,1633917.0,
RGTI,mapped,pass,1838359.0,
ROST,mapped,pass,745732.0,
QBTS,mapped,pass,1907982.0,
LOW,mapped,pass,60667.0,
TT,mapped,pass,1466258.0,
NU,mapped,pass,1691493.0,
HWM,mapped,pass,4281.0,
ELV,mapped,pass,1156039.0,
NVTS,mapped,pass,1821769.0,
DVN,mapped,pass,1090012.0,
REGN,mapped,pass,872589.0,
NVO,mapped,pass,353278.0,
PH,mapped,pass,76334.0,
CMI,mapped,pass,26172.0,
TGT,mapped,pass,27419.0,
BX,mapped,pass,1393818.0,
HCA,mapped,pass,860730.0,
VRTX,mapped,pass,875320.0,
DAL,mapped,pass,27904.0,
OXY,mapped,pass,797468.0,
GM,mapped,pass,1467858.0,
ORLY,mapped,pass,898173.0,
ADP,mapped,pass,8670.0,
FDX,mapped,pass,1048911.0,
PGR,mapped,pass,80661.0,
BMY,mapped,pass,14272.0,
WDAY,mapped,pass,1327811.0,
AEP,missing,not_attempted,,ticker_not_in_sec_map
EQIX,mapped,pass,1101239.0,
ICE,mapped,pass,1571949.0,
MTSI,mapped,pass,1493594.0,
MPC,mapped,pass,1510295.0,
CMG,mapped,pass,1058090.0,
MAR,mapped,pass,1048286.0,
FSLR,mapped,pass,1274494.0,
MARA,mapped,pass,1507605.0,
AKAM,mapped,pass,1086222.0,
ONDS,mapped,pass,1646188.0,
MO,mapped,pass,764180.0,
CSX,mapped,pass,277948.0,
MMM,mapped,pass,66740.0,
AMT,mapped,pass,1053507.0,
JCI,mapped,pass,833444.0,
HIMS,mapped,pass,1773751.0,
CB,mapped,pass,896159.0,
LNG,mapped,pass,3570.0,
SO,mapped,pass,92122.0,
ZTS,mapped,pass,1555280.0,
TEL,mapped,pass,1385157.0,
CIFR,mapped,pass,1819989.0,
HLT,mapped,pass,1585689.0,
SAP,mapped,pass,1000184.0,
WBD,mapped,pass,1437107.0,
BNY,mapped,pass,1390777.0,
NOC,mapped,pass,1133421.0,
FN,mapped,pass,1408710.0,
EBAY,mapped,pass,1065088.0,
STRL,mapped,pass,874238.0,
HUM,mapped,pass,49071.0,
TDG,mapped,pass,1260221.0,
ABNB,mapped,pass,1559720.0,
RBLX,mapped,pass,1315098.0,
TSEM,mapped,pass,928876.0,
BKR,mapped,pass,1701605.0,
MDLZ,mapped,pass,1103982.0,
USB,mapped,pass,36104.0,
CRH,mapped,pass,849395.0,
CAH,mapped,pass,721371.0,
PLD,mapped,pass,1045609.0,
ADSK,mapped,pass,769397.0,
APO,mapped,pass,1858681.0,
MDB,mapped,pass,1441816.0,
B,mapped,pass,756894.0,
WMB,mapped,pass,107263.0,
TRV,mapped,pass,86312.0,
MCO,mapped,pass,1059556.0,
KEYS,mapped,pass,1601046.0,
TTWO,mapped,pass,946581.0,
AXON,mapped,pass,1069183.0,
EOG,mapped,pass,821189.0,
AON,mapped,pass,315293.0,
WM,mapped,pass,823768.0,
DOCN,mapped,pass,1582961.0,
ZS,mapped,pass,1713683.0,
RIVN,mapped,pass,1874178.0,
TEAM,mapped,pass,1650372.0,
FANG,mapped,pass,1539838.0,
CHTR,mapped,pass,1091667.0,
ENTG,mapped,pass,1101302.0,
HUT,mapped,pass,1964789.0,
CL,mapped,pass,21665.0,
COR,mapped,pass,1140859.0,
CTSH,mapped,pass,1058290.0,
HAL,mapped,pass,45012.0,
GD,mapped,pass,40533.0,
KKR,mapped,pass,1404912.0,
MNST,mapped,pass,865752.0,
DLR,mapped,pass,1297996.0,
PNC,mapped,pass,713676.0,
CI,mapped,pass,1739940.0,
KMB,mapped,pass,55785.0,
MSI,mapped,pass,68505.0,
KR,mapped,pass,56873.0,
RDW,mapped,pass,1819810.0,
AEM,mapped,pass,2809.0,
PATH,mapped,pass,1734722.0,
JBL,mapped,pass,898293.0,
TWLO,mapped,pass,1447669.0,
MRSH,mapped,pass,62709.0,
PSX,mapped,pass,1534701.0,
SMTC,mapped,pass,88941.0,
DUK,mapped,pass,1326160.0,
ECL,mapped,pass,31462.0,
RVMD,mapped,pass,1628171.0,
EW,mapped,pass,1099800.0,
IBKR,mapped,pass,1381197.0,
CDE,mapped,pass,215466.0,
BDX,mapped,pass,10795.0,
RIOT,mapped,pass,1167419.0,
XEL,mapped,pass,72903.0,
POET,mapped,pass,1437424.0,
EQT,mapped,pass,33213.0,
LHX,mapped,pass,202058.0,
LULU,mapped,pass,1397187.0,
LYV,mapped,pass,1335258.0,
DOW,mapped,pass,1751788.0,
USAR,mapped,pass,1970622.0,
CARR,mapped,pass,1783180.0,
ZM,mapped,pass,1585521.0,
MKSI,mapped,pass,1049502.0,
AMKR,mapped,pass,1047127.0,
RKT,mapped,pass,1805284.0,
TTMI,mapped,pass,1116942.0,
D,mapped,pass,715957.0,
ROP,mapped,pass,882835.0,
EXC,mapped,pass,1109357.0,
TFC,mapped,pass,92230.0,
ODFL,mapped,pass,878927.0,
XYZ,mapped,pass,1512673.0,
TSCO,mapped,pass,916365.0,
EMR,mapped,pass,32604.0,
PL,mapped,pass,1836833.0,
MXL,mapped,pass,1288469.0,
CNQ,mapped,pass,1017413.0,
VEEV,mapped,pass,1393052.0,
HSY,mapped,pass,47111.0,
KDP,mapped,pass,1418135.0,
BP,mapped,pass,313807.0,
MTZ,mapped,pass,15615.0,
EXPE,mapped,pass,1324424.0,
AZN,mapped,pass,901832.0,
ETR,mapped,pass,65984.0,
CPNG,mapped,pass,1834584.0,
NCLH,mapped,pass,1513761.0,
MSCI,mapped,pass,1408198.0,
HPQ,mapped,pass,47217.0,
LYB,mapped,pass,1489393.0,
AJG,mapped,pass,354190.0,
LUNR,mapped,pass,1844452.0,
CASY,mapped,pass,726958.0,
NRG,mapped,pass,1013871.0,
DXCM,mapped,pass,1093557.0,
VRSK,mapped,pass,1442145.0,
DG,mapped,pass,29534.0,
NTAP,mapped,pass,1002047.0,
ALB,mapped,pass,915913.0,
ULTA,mapped,pass,1403568.0,
FICO,mapped,pass,814547.0,
MP,mapped,pass,1801368.0,
IDXX,mapped,pass,874716.0,
NUE,mapped,pass,73309.0,
VTR,mapped,pass,740260.0,
TPR,mapped,pass,1116132.0,
SMR,mapped,pass,1822966.0,
FISV,mapped,pass,798354.0,
ALL,mapped,pass,899051.0,
OKTA,mapped,pass,1660134.0,
RSG,mapped,pass,1060391.0,
EA,mapped,pass,712515.0,
DLTR,mapped,pass,935703.0,
O,mapped,pass,726728.0,
SWKS,mapped,pass,4127.0,
PCAR,mapped,pass,75362.0,
GWW,mapped,pass,277135.0,
CCJ,mapped,pass,1009001.0,
HUBS,mapped,pass,1404655.0,
HBAN,mapped,pass,49196.0,
CTAS,mapped,pass,723254.0,
MRNA,mapped,pass,1682852.0,
FITB,mapped,pass,35527.0,
JOBY,mapped,pass,1819848.0,
APD,mapped,pass,2969.0,
SITM,mapped,pass,1451809.0,
CF,mapped,pass,1324404.0,
INSM,mapped,pass,1104506.0,
AFRM,mapped,pass,1820953.0,
SPG,mapped,pass,1063761.0,
DHI,mapped,pass,882184.0,
MOD,mapped,pass,67347.0,
KVUE,mapped,pass,1944048.0,
STT,mapped,pass,93751.0,
ONTO,mapped,pass,704532.0,
CCI,mapped,pass,1051470.0,
ALNY,mapped,pass,1178670.0,
PINS,mapped,pass,1506293.0,
HL,mapped,pass,719413.0,
HUBB,mapped,pass,48898.0,
SRE,mapped,pass,1032208.0,
CORZ,mapped,pass,1839341.0,
FERG,mapped,pass,2011641.0,
GIS,mapped,pass,40704.0,
KHC,mapped,pass,1637459.0,
NSC,mapped,pass,702165.0,
VSH,mapped,pass,103730.0,
NVT,mapped,pass,1720635.0,
RMBS,mapped,pass,917273.0,
PPL,mapped,pass,922224.0,
CLSK,mapped,pass,827876.0,
AA,mapped,pass,1675149.0,
VMC,mapped,pass,1396009.0,
ROK,mapped,pass,1024478.0,
KMI,mapped,pass,1506307.0,
CRS,mapped,pass,17843.0,
CNC,mapped,pass,1071739.0,
ROKU,mapped,pass,1428439.0,
EME,mapped,pass,105634.0,
MLM,mapped,pass,916076.0,
ARES,mapped,pass,1176948.0,
FAST,mapped,pass,815556.0,
ENPH,mapped,pass,1463101.0,
WAT,mapped,pass,1000697.0,
NTRA,mapped,pass,1604821.0,
OKE,mapped,pass,1039684.0,
QXO,mapped,pass,1236275.0,
NDAQ,mapped,pass,1120193.0,
PCG,mapped,pass,1004980.0,
PAYX,mapped,pass,723531.0,
CFG,mapped,pass,759944.0,
TEM,mapped,pass,1717115.0,
EXE,mapped,pass,895126.0,
STZ,mapped,pass,16918.0,
YUM,mapped,pass,1041061.0,
TRGP,mapped,pass,1389170.0,
CPRT,mapped,pass,900075.0,
PBR,mapped,pass,1119639.0,
TOST,mapped,pass,1650164.0,
RF,mapped,pass,1281761.0,
LSCC,mapped,pass,855658.0,
GEHC,mapped,pass,1932393.0,
IR,mapped,pass,1699150.0,
ATI,mapped,pass,1018963.0,
WWD,mapped,pass,108312.0,
RMD,mapped,pass,943819.0,
VIAV,mapped,pass,912093.0,
AMP,mapped,pass,820027.0,
CTVA,mapped,pass,1755672.0,
IQV,mapped,pass,1478242.0,
FTI,mapped,pass,1681459.0,
LUV,mapped,pass,92380.0,
ILMN,mapped,pass,1110803.0,
MET,mapped,pass,1099219.0,
A,mapped,pass,1090872.0,
OMC,mapped,pass,29989.0,
SYY,mapped,pass,96021.0,
CBRE,mapped,pass,1138118.0,
EFX,mapped,pass,33185.0,
EL,mapped,pass,1001250.0,
FTAI,mapped,pass,1590364.0,
XPO,mapped,pass,1166003.0,
ADM,mapped,pass,7084.0,
AEIS,mapped,pass,927003.0,
BBY,mapped,pass,764478.0,
DKNG,mapped,pass,1883685.0,
TLN,mapped,pass,1622536.0,
STLD,mapped,pass,1022671.0,
AIG,mapped,pass,5272.0,
NXT,mapped,pass,1852131.0,
OTIS,mapped,pass,1781335.0,
KNX,mapped,pass,1492691.0,
PSA,mapped,pass,1393311.0,
CHRW,mapped,pass,1043277.0,
LPLA,mapped,pass,1397911.0,
FLUT,mapped,pass,1635327.0,
SYF,mapped,pass,1601712.0,
CELH,mapped,pass,1341766.0,
AFL,mapped,pass,4977.0,
DPZ,mapped,pass,1286681.0,
RY,mapped,pass,1000275.0,
AME,mapped,pass,1037868.0,
VIK,mapped,pass,1745201.0,
GH,mapped,pass,1576280.0,
WCN,mapped,pass,1318220.0,
WPM,mapped,pass,1323404.0,
TE,mapped,pass,1992243.0,
KEY,mapped,pass,91576.0,
QSR,mapped,pass,1618756.0,
GPN,mapped,pass,1123360.0,
WST,mapped,pass,105770.0,
TKO,mapped,pass,1973266.0,
W,mapped,pass,1616707.0,
RIO,mapped,pass,863064.0,
BB,mapped,pass,1070235.0,
AU,mapped,pass,1973832.0,
FIS,mapped,pass,1136893.0,
THC,mapped,pass,70318.0,
AWK,mapped,pass,1410636.0,
CP,mapped,pass,16875.0,
CLX,mapped,pass,21076.0,
USFD,mapped,pass,1665918.0,
SCCO,mapped,pass,1001838.0,
FFIV,mapped,pass,1048695.0,
RL,mapped,pass,1037038.0,
DKS,mapped,pass,1089063.0,
CNP,mapped,pass,1130310.0,
KTOS,mapped,pass,1069258.0,
ATO,mapped,pass,731802.0,
FIVE,mapped,pass,1177609.0,
CAVA,mapped,pass,1639438.0,
WEC,mapped,pass,783325.0,
CDW,mapped,pass,1402057.0,
SU,mapped,pass,311337.0,
CMS,mapped,pass,811156.0,
PAAS,mapped,pass,771992.0,
BTI,mapped,pass,1303523.0,
RBRK,mapped,pass,1943896.0,
OWL,mapped,pass,1823945.0,
TD,mapped,pass,947263.0,
KGC,mapped,pass,701818.0,
JBHT,mapped,pass,728535.0,
FORM,mapped,pass,1039399.0,
ED,mapped,pass,1047862.0,
VICI,mapped,pass,1705696.0,
MTB,mapped,pass,36270.0,
NVS,mapped,pass,1114448.0,
PEG,mapped,pass,788784.0,
WSM,mapped,pass,719955.0,
CSGP,mapped,pass,1057352.0,
ZBRA,mapped,pass,877212.0,
