ticker,sec_mapping_status,fetch_status,fact_rows,shares_outstanding_available,shares_outstanding_latest_filed,assets_available,assets_latest_filed,liabilities_available,liabilities_latest_filed,stockholders_equity_available,stockholders_equity_latest_filed,revenue_available,revenue_latest_filed,gross_profit_available,gross_profit_latest_filed,operating_income_available,operating_income_latest_filed,net_income_available,net_income_latest_filed
MU,mapped,pass,820,True,2026-06-25 00:00:00,True,2026-06-25 00:00:00,True,2026-06-25 00:00:00,True,2026-06-25 00:00:00,True,2026-06-25 00:00:00,True,2026-06-25 00:00:00,True,2026-06-25 00:00:00,True,2026-06-25 00:00:00
NVDA,mapped,pass,733,True,2026-05-20 00:00:00,True,2026-05-20 00:00:00,True,2026-05-20 00:00:00,True,2026-05-20 00:00:00,True,2026-05-20 00:00:00,True,2026-05-20 00:00:00,True,2026-05-20 00:00:00,True,2026-05-20 00:00:00
TSLA,mapped,pass,891,True,2026-07-23 00:00:00,True,2026-07-23 00:00:00,True,2026-07-23 00:00:00,True,2026-07-23 00:00:00,True,2026-07-23 00:00:00,True,2026-07-23 00:00:00,True,2026-07-23 00:00:00,True,2026-07-23 00:00:00
AMD,mapped,pass,684,True,2026-08-05 00:00:00,True,2026-08-05 00:00:00,False,,True,2026-08-05 00:00:00,True,2026-08-05 00:00:00,True,2026-08-05 00:00:00,True,2026-08-05 00:00:00,True,2026-08-05 00:00:00
INTC,mapped,pass,677,True,2026-07-24 00:00:00,True,2026-07-24 00:00:00,False,,True,2026-07-24 00:00:00,True,2026-07-24 00:00:00,True,2026-07-24 00:00:00,True,2026-07-24 00:00:00,True,2026-07-24 00:00:00
AAPL,mapped,pass,763,True,2026-07-31 00:00:00,True,2026-07-31 00:00:00,True,2026-07-31 00:00:00,True,2026-07-31 00:00:00,True,2026-07-31 00:00:00,True,2026-07-31 00:00:00,True,2026-07-31 00:00:00,True,2026-07-31 00:00:00
MSFT,mapped,pass,720,True,2026-07-29 00:00:00,True,2026-07-29 00:00:00,True,2026-07-29 00:00:00,True,2026-07-29 00:00:00,True,2026-07-29 00:00:00,True,2026-07-29 00:00:00,True,2026-07-29 00:00:00,True,2026-07-29 00:00:00
AMZN,mapped,pass,673,True,2026-07-31 00:00:00,True,2026-07-31 00:00:00,False,,True,2026-07-31 00:00:00,True,2026-07-31 00:00:00,False,,True,2026-07-31 00:00:00,True,2026-07-31 00:00:00
GOOGL,mapped,pass,586,False,,True,2026-07-23 00:00:00,True,2026-07-23 00:00:00,True,2026-07-23 00:00:00,True,2026-07-23 00:00:00,False,,True,2026-07-23 00:00:00,True,2026-07-23 00:00:00
META,mapped,pass,556,False,,True,2026-04-30 00:00:00,True,2026-04-30 00:00:00,True,2026-04-30 00:00:00,True,2026-04-30 00:00:00,False,,True,2026-04-30 00:00:00,True,2026-04-30 00:00:00
AVGO,mapped,pass,674,True,2026-06-09 00:00:00,True,2026-06-09 00:00:00,True,2026-06-09 00:00:00,True,2026-06-09 00:00:00,True,2026-06-09 00:00:00,True,2026-06-09 00:00:00,True,2026-06-09 00:00:00,True,2024-12-20 00:00:00
GOOG,mapped,pass,586,False,,True,2026-07-23 00:00:00,True,2026-07-23 00:00:00,True,2026-07-23 00:00:00,True,2026-07-23 00:00:00,False,,True,2026-07-23 00:00:00,True,2026-07-23 00:00:00
MRVL,mapped,pass,517,True,2026-05-28 00:00:00,True,2026-05-28 00:00:00,True,2026-05-28 00:00:00,True,2026-05-28 00:00:00,True,2026-05-28 00:00:00,True,2026-05-28 00:00:00,True,2026-05-28 00:00:00,True,2026-05-28 00:00:00
TSM,mapped,pass,8,True,2026-04-16 00:00:00,False,,False,,False,,False,,False,,False,,False,
PLTR,mapped,pass,554,False,,True,2026-08-04 00:00:00,True,2026-08-04 00:00:00,True,2026-08-04 00:00:00,True,2026-08-04 00:00:00,True,2026-08-04 00:00:00,True,2026-08-04 00:00:00,True,2026-08-04 00:00:00
ORCL,mapped,pass,567,True,2026-06-22 00:00:00,True,2026-06-22 00:00:00,False,,True,2026-06-22 00:00:00,True,2026-06-22 00:00:00,False,,True,2026-06-22 00:00:00,True,2026-06-22 00:00:00
LITE,mapped,pass,770,True,2026-05-06 00:00:00,True,2026-05-06 00:00:00,True,2026-05-06 00:00:00,True,2026-05-06 00:00:00,True,2025-08-19 00:00:00,True,2026-05-06 00:00:00,True,2026-05-06 00:00:00,True,2026-05-06 00:00:00
QCOM,mapped,pass,675,True,2026-07-29 00:00:00,True,2026-07-29 00:00:00,True,2026-07-29 00:00:00,True,2026-07-29 00:00:00,True,2026-07-29 00:00:00,False,,True,2026-07-29 00:00:00,True,2026-07-29 00:00:00
AMAT,mapped,pass,736,True,2026-05-21 00:00:00,True,2026-05-21 00:00:00,True,2026-05-21 00:00:00,True,2026-05-21 00:00:00,True,2026-05-21 00:00:00,True,2026-05-21 00:00:00,True,2026-05-21 00:00:00,True,2026-05-21 00:00:00
WDC,mapped,pass,850,True,2026-05-01 00:00:00,True,2026-05-01 00:00:00,True,2026-05-01 00:00:00,True,2026-05-01 00:00:00,True,2026-05-01 00:00:00,True,2026-05-01 00:00:00,True,2026-05-01 00:00:00,True,2026-05-01 00:00:00
LLY,mapped,pass,427,True,2026-08-05 00:00:00,True,2026-08-05 00:00:00,False,,True,2026-08-05 00:00:00,True,2026-08-05 00:00:00,False,,False,,True,2026-08-05 00:00:00
STX,mapped,pass,628,True,2026-08-04 00:00:00,True,2026-08-04 00:00:00,True,2026-08-04 00:00:00,True,2026-08-04 00:00:00,True,2026-08-04 00:00:00,False,,True,2026-08-04 00:00:00,True,2026-08-04 00:00:00
LRCX,mapped,pass,728,True,2026-08-07 00:00:00,True,2026-08-07 00:00:00,True,2026-08-07 00:00:00,True,2026-08-07 00:00:00,True,2026-08-07 00:00:00,True,2026-08-07 00:00:00,True,2026-08-07 00:00:00,True,2026-08-07 00:00:00
BE,mapped,pass,835,True,2026-04-29 00:00:00,True,2026-04-29 00:00:00,True,2026-04-29 00:00:00,True,2026-04-29 00:00:00,True,2026-04-29 00:00:00,True,2026-04-29 00:00:00,True,2026-04-29 00:00:00,True,2024-02-15 00:00:00
ASML,mapped,pass,170,True,2026-02-25 00:00:00,True,2026-02-25 00:00:00,True,2026-02-25 00:00:00,True,2026-02-25 00:00:00,True,2026-02-25 00:00:00,True,2026-02-25 00:00:00,True,2026-02-25 00:00:00,True,2026-02-25 00:00:00
MSTR,mapped,pass,960,False,,True,2026-08-03 00:00:00,True,2026-08-03 00:00:00,True,2026-08-03 00:00:00,True,2026-08-03 00:00:00,True,2026-08-03 00:00:00,True,2026-08-03 00:00:00,True,2026-08-03 00:00:00
GEV,mapped,pass,248,True,2026-07-22 00:00:00,True,2026-07-22 00:00:00,True,2026-07-22 00:00:00,True,2026-07-22 00:00:00,True,2026-07-22 00:00:00,True,2026-07-22 00:00:00,True,2026-07-22 00:00:00,True,2026-07-22 00:00:00
CSCO,mapped,pass,769,True,2026-05-19 00:00:00,True,2026-05-19 00:00:00,True,2026-05-19 00:00:00,True,2026-05-19 00:00:00,True,2026-05-19 00:00:00,True,2026-05-19 00:00:00,True,2026-05-19 00:00:00,True,2026-05-19 00:00:00
JPM,mapped,pass,403,True,2026-08-06 00:00:00,True,2026-08-06 00:00:00,True,2026-08-06 00:00:00,True,2026-08-06 00:00:00,True,2026-02-13 00:00:00,False,,False,,True,2026-08-06 00:00:00
DELL,mapped,pass,812,False,,True,2026-06-09 00:00:00,True,2026-06-09 00:00:00,True,2026-06-09 00:00:00,True,2026-06-09 00:00:00,True,2026-06-09 00:00:00,True,2026-06-09 00:00:00,True,2026-06-09 00:00:00
RKLB,mapped,pass,500,True,2026-05-07 00:00:00,True,2026-05-07 00:00:00,True,2026-05-07 00:00:00,True,2026-05-07 00:00:00,True,2026-05-07 00:00:00,True,2026-05-07 00:00:00,True,2026-05-07 00:00:00,True,2026-05-07 00:00:00
HOOD,mapped,pass,346,False,,True,2026-07-30 00:00:00,True,2026-07-30 00:00:00,True,2026-07-30 00:00:00,True,2026-07-30 00:00:00,False,,False,,True,2026-07-30 00:00:00
NOW,mapped,pass,709,True,2026-07-23 00:00:00,True,2026-07-23 00:00:00,True,2026-07-23 00:00:00,True,2026-07-23 00:00:00,True,2026-07-23 00:00:00,True,2026-07-23 00:00:00,True,2026-07-23 00:00:00,True,2026-07-23 00:00:00
BRK.B,mapped,pass,695,False,,True,2026-08-10 00:00:00,True,2026-08-10 00:00:00,True,2026-08-10 00:00:00,True,2026-08-10 00:00:00,False,,False,,True,2026-08-10 00:00:00
WMT,mapped,pass,796,True,2026-05-29 00:00:00,True,2026-05-29 00:00:00,False,,True,2026-05-29 00:00:00,True,2026-05-29 00:00:00,False,,True,2026-05-29 00:00:00,True,2026-05-29 00:00:00
CAT,mapped,pass,572,True,2026-08-05 00:00:00,True,2026-08-05 00:00:00,True,2026-08-05 00:00:00,True,2026-08-05 00:00:00,True,2026-08-05 00:00:00,True,2021-02-17 00:00:00,True,2026-08-05 00:00:00,False,
APP,mapped,pass,470,False,,True,2026-08-05 00:00:00,True,2026-08-05 00:00:00,True,2026-08-05 00:00:00,True,2026-08-05 00:00:00,False,,True,2026-08-05 00:00:00,True,2026-08-05 00:00:00
V,mapped,pass,559,False,,True,2026-04-29 00:00:00,True,2026-04-29 00:00:00,True,2026-04-29 00:00:00,True,2026-04-29 00:00:00,False,,True,2026-04-29 00:00:00,True,2026-04-29 00:00:00
TXN,mapped,pass,713,True,2026-07-24 00:00:00,True,2026-07-24 00:00:00,True,2026-07-24 00:00:00,True,2026-07-24 00:00:00,True,2026-07-24 00:00:00,True,2026-07-24 00:00:00,True,2026-07-24 00:00:00,True,2026-07-24 00:00:00
XOM,mapped,pass,21,True,2026-08-03 00:00:00,True,2026-08-03 00:00:00,True,2026-08-03 00:00:00,True,2026-08-03 00:00:00,True,2026-08-03 00:00:00,False,,False,,True,2026-08-03 00:00:00
CRM,mapped,pass,822,True,2026-05-28 00:00:00,True,2026-05-28 00:00:00,True,2026-05-28 00:00:00,True,2026-05-28 00:00:00,True,2026-05-28 00:00:00,True,2026-05-28 00:00:00,True,2026-05-28 00:00:00,True,2026-05-28 00:00:00
GLW,mapped,pass,788,True,2026-05-01 00:00:00,True,2026-05-01 00:00:00,True,2026-05-01 00:00:00,True,2026-05-01 00:00:00,True,2026-05-01 00:00:00,True,2026-05-01 00:00:00,True,2026-05-01 00:00:00,True,2026-05-01 00:00:00
KLAC,mapped,pass,689,True,2026-08-06 00:00:00,True,2026-08-06 00:00:00,True,2026-08-06 00:00:00,True,2026-08-06 00:00:00,True,2026-08-06 00:00:00,True,2021-08-06 00:00:00,False,,True,2026-08-06 00:00:00
IREN,mapped,pass,89,True,2026-05-08 00:00:00,True,2026-05-08 00:00:00,True,2026-05-08 00:00:00,True,2026-05-08 00:00:00,True,2026-05-08 00:00:00,False,,True,2026-05-08 00:00:00,True,2026-05-08 00:00:00
GS,mapped,pass,377,True,2026-08-03 00:00:00,True,2026-08-03 00:00:00,True,2026-08-03 00:00:00,True,2026-08-03 00:00:00,False,,False,,False,,True,2026-08-03 00:00:00
COST,mapped,pass,847,True,2026-06-03 00:00:00,True,2026-06-03 00:00:00,True,2026-06-03 00:00:00,True,2026-06-03 00:00:00,True,2026-06-03 00:00:00,True,2019-10-11 00:00:00,True,2026-06-03 00:00:00,True,2026-06-03 00:00:00
COHR,mapped,pass,692,True,2026-05-06 00:00:00,True,2026-05-06 00:00:00,True,2026-05-06 00:00:00,True,2026-05-06 00:00:00,True,2026-05-06 00:00:00,False,,True,2024-08-16 00:00:00,True,2026-05-06 00:00:00
PANW,mapped,pass,779,True,2026-06-03 00:00:00,True,2026-06-03 00:00:00,True,2026-06-03 00:00:00,True,2026-06-03 00:00:00,True,2026-06-03 00:00:00,True,2026-06-03 00:00:00,True,2026-06-03 00:00:00,True,2026-06-03 00:00:00
MA,mapped,pass,623,False,,True,2026-07-30 00:00:00,True,2026-07-30 00:00:00,True,2026-07-30 00:00:00,True,2026-07-30 00:00:00,False,,True,2026-07-30 00:00:00,False,
IBM,mapped,pass,679,True,2026-07-23 00:00:00,True,2026-07-23 00:00:00,True,2026-07-23 00:00:00,True,2026-07-23 00:00:00,True,2026-07-23 00:00:00,True,2026-07-23 00:00:00,False,,True,2026-07-23 00:00:00
VRT,mapped,pass,691,True,2026-07-29 00:00:00,True,2026-07-29 00:00:00,True,2026-07-29 00:00:00,True,2026-07-29 00:00:00,True,2026-07-29 00:00:00,False,,True,2026-07-29 00:00:00,True,2026-07-29 00:00:00
AAOI,mapped,pass,807,True,2026-08-06 00:00:00,True,2026-08-06 00:00:00,True,2026-08-06 00:00:00,True,2026-08-06 00:00:00,True,2026-08-06 00:00:00,True,2026-08-06 00:00:00,True,2026-08-06 00:00:00,True,2026-08-06 00:00:00
JNJ,mapped,pass,701,True,2026-07-23 00:00:00,True,2026-07-23 00:00:00,True,2026-07-23 00:00:00,True,2026-07-23 00:00:00,True,2026-07-23 00:00:00,True,2026-07-23 00:00:00,False,,True,2026-07-23 00:00:00
ADI,mapped,pass,562,True,2026-05-20 00:00:00,True,2026-05-20 00:00:00,False,,True,2026-05-20 00:00:00,True,2026-05-20 00:00:00,True,2026-05-20 00:00:00,True,2026-05-20 00:00:00,True,2026-05-20 00:00:00
ALAB,mapped,pass,228,True,2026-08-05 00:00:00,True,2026-08-05 00:00:00,True,2026-08-05 00:00:00,True,2026-08-05 00:00:00,True,2026-08-05 00:00:00,True,2026-08-05 00:00:00,True,2026-08-05 00:00:00,True,2026-08-05 00:00:00
BAC,mapped,pass,532,True,2026-07-31 00:00:00,True,2026-07-31 00:00:00,True,2026-07-31 00:00:00,True,2026-07-31 00:00:00,True,2026-07-31 00:00:00,False,,False,,True,2026-07-31 00:00:00
CRWD,mapped,pass,593,True,2026-06-04 00:00:00,True,2026-06-04 00:00:00,True,2026-06-04 00:00:00,True,2026-06-04 00:00:00,False,,True,2026-06-04 00:00:00,True,2026-06-04 00:00:00,True,2026-06-04 00:00:00
CRDO,mapped,pass,427,True,2026-06-15 00:00:00,True,2026-06-15 00:00:00,True,2026-06-15 00:00:00,True,2026-06-15 00:00:00,True,2026-06-15 00:00:00,True,2026-06-15 00:00:00,True,2026-06-15 00:00:00,True,2026-06-15 00:00:00
ASTS,mapped,pass,403,False,,True,2026-05-11 00:00:00,True,2026-05-11 00:00:00,True,2026-05-11 00:00:00,True,2025-03-03 00:00:00,True,2024-04-01 00:00:00,True,2021-05-18 00:00:00,True,2026-05-11 00:00:00
CVX,mapped,pass,685,True,2026-08-06 00:00:00,True,2026-08-06 00:00:00,True,2026-08-06 00:00:00,True,2026-08-06 00:00:00,True,2026-08-06 00:00:00,False,,False,,True,2026-08-06 00:00:00
GE,mapped,pass,642,True,2026-07-16 00:00:00,True,2026-07-16 00:00:00,True,2026-07-16 00:00:00,True,2026-07-16 00:00:00,True,2026-07-16 00:00:00,False,,False,,True,2026-07-16 00:00:00
IONQ,mapped,pass,424,True,2026-08-10 00:00:00,True,2026-08-10 00:00:00,True,2026-08-10 00:00:00,True,2026-08-10 00:00:00,True,2026-08-10 00:00:00,False,,True,2026-08-10 00:00:00,True,2026-08-10 00:00:00
COIN,mapped,pass,411,False,,True,2026-07-30 00:00:00,True,2026-07-30 00:00:00,True,2026-07-30 00:00:00,True,2026-07-30 00:00:00,False,,True,2026-07-30 00:00:00,True,2026-07-30 00:00:00
C,mapped,pass,548,True,2026-02-20 00:00:00,True,2026-02-20 00:00:00,True,2026-02-20 00:00:00,True,2026-02-20 00:00:00,True,2026-02-20 00:00:00,False,,False,,True,2026-02-20 00:00:00
HD,mapped,pass,672,True,2026-05-27 00:00:00,True,2026-05-27 00:00:00,True,2026-05-27 00:00:00,True,2026-05-27 00:00:00,True,2026-05-27 00:00:00,True,2026-05-27 00:00:00,True,2026-05-27 00:00:00,True,2026-05-27 00:00:00
BA,mapped,pass,838,True,2026-07-28 00:00:00,True,2026-07-28 00:00:00,True,2026-07-28 00:00:00,True,2026-07-28 00:00:00,True,2026-07-28 00:00:00,True,2026-07-28 00:00:00,True,2026-07-28 00:00:00,True,2026-07-28 00:00:00
ANET,mapped,pass,805,True,2026-08-05 00:00:00,True,2026-08-05 00:00:00,True,2026-08-05 00:00:00,True,2026-08-05 00:00:00,True,2026-08-05 00:00:00,True,2026-08-05 00:00:00,True,2026-08-05 00:00:00,True,2026-08-05 00:00:00
SMCI,mapped,pass,925,True,2026-05-11 00:00:00,True,2026-05-11 00:00:00,True,2026-05-11 00:00:00,True,2026-05-11 00:00:00,True,2026-05-11 00:00:00,True,2026-05-11 00:00:00,True,2026-05-11 00:00:00,True,2026-05-11 00:00:00
APH,mapped,pass,843,True,2026-07-31 00:00:00,True,2026-07-31 00:00:00,True,2026-07-31 00:00:00,True,2026-07-31 00:00:00,True,2026-07-31 00:00:00,True,2026-07-31 00:00:00,True,2026-07-31 00:00:00,True,2026-07-31 00:00:00
TER,mapped,pass,841,True,2026-07-31 00:00:00,True,2026-07-31 00:00:00,True,2026-07-31 00:00:00,True,2026-07-31 00:00:00,True,2026-07-31 00:00:00,True,2026-07-31 00:00:00,True,2026-07-31 00:00:00,True,2026-07-31 00:00:00
INTU,mapped,pass,682,True,2026-05-20 00:00:00,True,2026-05-20 00:00:00,True,2026-05-20 00:00:00,True,2026-05-20 00:00:00,True,2026-05-20 00:00:00,False,,True,2026-05-20 00:00:00,True,2026-05-20 00:00:00
ABBV,mapped,pass,687,True,2026-08-03 00:00:00,True,2026-08-03 00:00:00,False,,True,2026-08-03 00:00:00,True,2026-08-03 00:00:00,True,2026-02-20 00:00:00,True,2026-08-03 00:00:00,True,2026-08-03 00:00:00
ON,mapped,pass,846,True,2026-08-03 00:00:00,True,2026-08-03 00:00:00,True,2026-08-03 00:00:00,True,2026-08-03 00:00:00,True,2026-08-03 00:00:00,True,2026-08-03 00:00:00,True,2026-08-03 00:00:00,True,2026-08-03 00:00:00
PG,mapped,pass,701,True,2026-08-04 00:00:00,True,2026-08-04 00:00:00,True,2026-08-04 00:00:00,True,2026-08-04 00:00:00,True,2026-08-04 00:00:00,False,,True,2026-08-04 00:00:00,True,2026-08-04 00:00:00
SOFI,mapped,pass,375,True,2026-08-06 00:00:00,True,2026-08-06 00:00:00,True,2026-08-06 00:00:00,True,2026-08-06 00:00:00,True,2026-08-06 00:00:00,False,,True,2021-05-24 00:00:00,True,2026-08-06 00:00:00
UBER,mapped,pass,671,True,2026-08-05 00:00:00,True,2026-08-05 00:00:00,True,2026-08-05 00:00:00,True,2026-08-05 00:00:00,True,2026-08-05 00:00:00,False,,True,2026-08-05 00:00:00,True,2026-08-05 00:00:00
ADBE,mapped,pass,781,True,2026-06-15 00:00:00,True,2026-06-15 00:00:00,True,2026-06-15 00:00:00,True,2026-06-15 00:00:00,True,2026-06-15 00:00:00,True,2026-06-15 00:00:00,True,2026-06-15 00:00:00,True,2026-06-15 00:00:00
SNOW,mapped,pass,552,True,2026-05-29 00:00:00,True,2026-05-29 00:00:00,True,2026-05-29 00:00:00,True,2026-05-29 00:00:00,True,2026-05-29 00:00:00,True,2026-05-29 00:00:00,True,2026-05-29 00:00:00,True,2026-05-29 00:00:00
CIEN,mapped,pass,680,True,2026-06-04 00:00:00,True,2026-06-04 00:00:00,True,2026-06-04 00:00:00,True,2026-06-04 00:00:00,True,2026-06-04 00:00:00,True,2026-06-04 00:00:00,True,2026-06-04 00:00:00,True,2026-06-04 00:00:00
BKNG,mapped,pass,542,True,2026-08-04 00:00:00,True,2026-08-04 00:00:00,True,2026-08-04 00:00:00,True,2026-08-04 00:00:00,True,2026-08-04 00:00:00,True,2020-02-26 00:00:00,True,2026-08-04 00:00:00,False,
WFC,mapped,pass,501,True,2026-07-28 00:00:00,True,2026-07-28 00:00:00,True,2026-07-28 00:00:00,True,2026-07-28 00:00:00,True,2020-11-02 00:00:00,False,,False,,True,2026-07-28 00:00:00
KO,mapped,pass,666,True,2026-04-30 00:00:00,True,2026-04-30 00:00:00,False,,True,2026-04-30 00:00:00,True,2026-04-30 00:00:00,True,2026-04-30 00:00:00,True,2026-04-30 00:00:00,True,2026-04-30 00:00:00
PEP,mapped,pass,742,True,2026-07-09 00:00:00,True,2026-07-09 00:00:00,True,2026-07-09 00:00:00,True,2026-07-09 00:00:00,True,2026-07-09 00:00:00,True,2026-07-09 00:00:00,True,2026-07-09 00:00:00,True,2026-07-09 00:00:00
MCD,mapped,pass,603,True,2026-08-07 00:00:00,True,2026-08-07 00:00:00,False,,True,2026-08-07 00:00:00,True,2026-08-07 00:00:00,False,,True,2026-08-07 00:00:00,True,2026-08-07 00:00:00
LIN,mapped,pass,719,True,2026-07-31 00:00:00,True,2026-07-31 00:00:00,True,2026-07-31 00:00:00,True,2026-07-31 00:00:00,True,2026-07-31 00:00:00,False,,True,2026-07-31 00:00:00,True,2026-07-31 00:00:00
MPWR,mapped,pass,802,True,2026-08-05 00:00:00,True,2026-08-05 00:00:00,True,2026-08-05 00:00:00,True,2026-08-05 00:00:00,True,2026-08-05 00:00:00,True,2026-08-05 00:00:00,True,2026-08-05 00:00:00,True,2026-08-05 00:00:00
MS,mapped,pass,436,True,2026-08-04 00:00:00,True,2026-08-04 00:00:00,True,2026-08-04 00:00:00,True,2026-08-04 00:00:00,False,,False,,False,,True,2026-08-04 00:00:00
VZ,mapped,pass,534,True,2026-07-31 00:00:00,True,2026-07-31 00:00:00,False,,True,2026-07-31 00:00:00,True,2026-07-31 00:00:00,False,,True,2026-07-31 00:00:00,True,2026-07-31 00:00:00
MRK,mapped,pass,510,True,2026-08-07 00:00:00,True,2026-08-07 00:00:00,False,,True,2026-08-07 00:00:00,True,2026-08-07 00:00:00,False,,False,,True,2026-08-07 00:00:00
ABT,mapped,pass,549,True,2026-04-29 00:00:00,True,2026-04-29 00:00:00,False,,True,2026-04-29 00:00:00,True,2026-04-29 00:00:00,True,2020-02-21 00:00:00,True,2026-04-29 00:00:00,True,2026-04-29 00:00:00
NXPI,mapped,pass,692,True,2026-04-28 00:00:00,True,2026-04-28 00:00:00,True,2026-04-28 00:00:00,True,2026-04-28 00:00:00,True,2026-04-28 00:00:00,True,2026-04-28 00:00:00,True,2026-04-28 00:00:00,True,2026-04-28 00:00:00
AAL,mapped,pass,677,True,2026-07-23 00:00:00,True,2026-07-23 00:00:00,False,,True,2026-07-23 00:00:00,True,2026-07-23 00:00:00,False,,True,2026-07-23 00:00:00,True,2026-07-23 00:00:00
TMO,mapped,pass,547,True,2026-07-31 00:00:00,True,2026-07-31 00:00:00,False,,True,2026-07-31 00:00:00,True,2026-07-31 00:00:00,True,2020-02-26 00:00:00,True,2026-07-31 00:00:00,True,2026-07-31 00:00:00
MCHP,mapped,pass,755,True,2026-08-06 00:00:00,True,2026-08-06 00:00:00,False,,True,2026-08-06 00:00:00,True,2026-08-06 00:00:00,True,2026-08-06 00:00:00,True,2026-08-06 00:00:00,True,2026-08-06 00:00:00
T,mapped,pass,649,True,2026-07-22 00:00:00,True,2026-07-22 00:00:00,False,,True,2026-07-22 00:00:00,True,2026-07-22 00:00:00,False,,True,2026-07-22 00:00:00,True,2026-07-22 00:00:00
DDOG,mapped,pass,617,False,,True,2026-08-06 00:00:00,True,2026-08-06 00:00:00,True,2026-08-06 00:00:00,True,2026-08-06 00:00:00,True,2026-08-06 00:00:00,True,2026-08-06 00:00:00,True,2026-08-06 00:00:00
SCHW,mapped,pass,542,True,2026-08-07 00:00:00,True,2026-08-07 00:00:00,True,2026-08-07 00:00:00,True,2026-08-07 00:00:00,True,2026-08-07 00:00:00,False,,False,,True,2026-08-07 00:00:00
TMUS,mapped,pass,620,True,2026-07-23 00:00:00,True,2026-07-23 00:00:00,False,,True,2026-07-23 00:00:00,True,2026-07-23 00:00:00,False,,True,2026-07-23 00:00:00,True,2026-07-23 00:00:00
RTX,mapped,pass,790,True,2026-07-23 00:00:00,True,2026-07-23 00:00:00,True,2026-07-23 00:00:00,True,2026-07-23 00:00:00,True,2026-07-23 00:00:00,True,2021-02-08 00:00:00,True,2026-07-23 00:00:00,True,2026-07-23 00:00:00
ETN,mapped,pass,531,True,2026-07-31 00:00:00,True,2026-07-31 00:00:00,False,,True,2026-07-31 00:00:00,True,2026-07-31 00:00:00,False,,True,2020-02-26 00:00:00,True,2026-07-31 00:00:00
ISRG,mapped,pass,867,True,2026-07-21 00:00:00,True,2026-07-21 00:00:00,True,2026-07-21 00:00:00,True,2026-07-21 00:00:00,True,2026-07-21 00:00:00,True,2026-07-21 00:00:00,True,2026-07-21 00:00:00,True,2026-07-21 00:00:00
HON,mapped,pass,608,True,2026-07-24 00:00:00,True,2026-07-23 00:00:00,False,,True,2026-07-23 00:00:00,True,2026-07-23 00:00:00,True,2026-02-17 00:00:00,True,2026-07-23 00:00:00,True,2026-07-23 00:00:00
AZO,mapped,pass,709,True,2026-06-12 00:00:00,True,2026-06-12 00:00:00,False,,True,2026-06-12 00:00:00,True,2026-06-12 00:00:00,True,2026-06-12 00:00:00,True,2026-06-12 00:00:00,True,2026-06-12 00:00:00
BSX,mapped,pass,515,True,2026-08-03 00:00:00,True,2026-08-03 00:00:00,False,,True,2026-08-03 00:00:00,True,2026-08-03 00:00:00,True,2026-08-03 00:00:00,True,2026-08-03 00:00:00,False,
AXP,mapped,pass,561,True,2026-07-24 00:00:00,True,2026-07-24 00:00:00,True,2026-07-24 00:00:00,True,2026-07-24 00:00:00,True,2026-07-24 00:00:00,False,,False,,True,2026-07-24 00:00:00
AXTI,mapped,pass,981,True,2026-05-14 00:00:00,True,2026-05-14 00:00:00,True,2026-05-14 00:00:00,True,2026-05-14 00:00:00,True,2026-05-14 00:00:00,True,2026-05-14 00:00:00,True,2026-05-14 00:00:00,True,2026-05-14 00:00:00
SHOP,mapped,pass,216,False,,True,2026-08-05 00:00:00,False,,True,2026-08-05 00:00:00,True,2026-08-05 00:00:00,True,2026-08-05 00:00:00,True,2026-08-05 00:00:00,True,2026-08-05 00:00:00
ACN,mapped,pass,737,False,,True,2026-06-18 00:00:00,False,,True,2026-06-18 00:00:00,True,2026-06-18 00:00:00,False,,True,2026-06-18 00:00:00,True,2026-06-18 00:00:00
PFE,mapped,pass,574,True,2026-08-04 00:00:00,True,2026-08-04 00:00:00,True,2026-08-04 00:00:00,True,2026-08-04 00:00:00,True,2026-08-04 00:00:00,False,,False,,True,2026-08-04 00:00:00
FCX,mapped,pass,739,True,2026-08-06 00:00:00,True,2026-08-06 00:00:00,True,2026-08-06 00:00:00,True,2026-08-06 00:00:00,True,2026-08-06 00:00:00,False,,True,2026-08-06 00:00:00,True,2026-08-06 00:00:00
NEE,mapped,pass,578,True,2026-04-23 00:00:00,True,2026-04-23 00:00:00,True,2026-04-23 00:00:00,True,2026-04-23 00:00:00,False,,False,,True,2026-04-23 00:00:00,True,2026-04-23 00:00:00
CEG,mapped,pass,430,True,2026-08-06 00:00:00,True,2026-08-06 00:00:00,True,2026-08-06 00:00:00,True,2026-08-06 00:00:00,True,2026-08-06 00:00:00,False,,True,2026-08-06 00:00:00,True,2026-08-06 00:00:00
NKE,mapped,pass,524,False,,True,2026-07-15 00:00:00,False,,True,2026-07-15 00:00:00,True,2026-07-15 00:00:00,True,2026-07-15 00:00:00,False,,True,2026-07-15 00:00:00
DIS,mapped,pass,563,True,2026-08-05 00:00:00,True,2026-08-05 00:00:00,False,,True,2026-08-05 00:00:00,True,2026-08-05 00:00:00,False,,True,2026-08-05 00:00:00,True,2026-08-05 00:00:00
SPGI,mapped,pass,696,True,2026-04-28 00:00:00,True,2026-04-28 00:00:00,True,2026-04-28 00:00:00,True,2026-04-28 00:00:00,True,2026-04-28 00:00:00,False,,True,2026-04-28 00:00:00,True,2026-04-28 00:00:00
COF,mapped,pass,597,True,2026-05-07 00:00:00,True,2026-05-07 00:00:00,True,2026-05-07 00:00:00,True,2026-05-07 00:00:00,True,2026-05-07 00:00:00,False,,False,,True,2026-05-07 00:00:00
GILD,mapped,pass,700,True,2026-08-06 00:00:00,True,2026-08-06 00:00:00,False,,True,2026-08-06 00:00:00,True,2026-08-06 00:00:00,True,2021-02-25 00:00:00,True,2026-08-06 00:00:00,True,2026-08-06 00:00:00
SPOT,mapped,pass,8,True,2026-02-10 00:00:00,False,,False,,False,,False,,False,,False,,False,
SYK,mapped,pass,847,True,2026-07-31 00:00:00,True,2026-07-31 00:00:00,True,2026-07-31 00:00:00,True,2026-07-31 00:00:00,True,2026-07-31 00:00:00,True,2026-07-31 00:00:00,True,2026-07-31 00:00:00,True,2026-07-31 00:00:00
AMGN,mapped,pass,643,True,2026-08-05 00:00:00,True,2026-08-05 00:00:00,False,,True,2026-08-05 00:00:00,True,2026-08-05 00:00:00,True,2021-02-09 00:00:00,True,2026-08-05 00:00:00,True,2026-08-05 00:00:00
TJX,mapped,pass,419,True,2026-05-29 00:00:00,True,2026-05-29 00:00:00,False,,True,2026-05-29 00:00:00,False,,True,2021-03-31 00:00:00,True,2019-04-03 00:00:00,True,2026-05-29 00:00:00
SNPS,mapped,pass,762,True,2026-05-27 00:00:00,True,2026-05-27 00:00:00,True,2026-05-27 00:00:00,True,2026-05-27 00:00:00,True,2026-05-27 00:00:00,True,2026-05-27 00:00:00,True,2026-05-27 00:00:00,True,2026-05-27 00:00:00
CMCSA,mapped,pass,591,False,,True,2026-07-23 00:00:00,False,,True,2026-07-23 00:00:00,True,2026-07-23 00:00:00,False,,True,2026-07-23 00:00:00,True,2026-07-23 00:00:00
FIX,mapped,pass,825,True,2026-07-23 00:00:00,True,2026-07-23 00:00:00,True,2026-07-23 00:00:00,True,2026-07-23 00:00:00,True,2026-07-23 00:00:00,True,2026-07-23 00:00:00,True,2026-07-23 00:00:00,True,2026-07-23 00:00:00
MCK,mapped,pass,777,True,2026-08-05 00:00:00,True,2026-08-05 00:00:00,False,,True,2026-08-05 00:00:00,True,2026-08-05 00:00:00,True,2026-08-05 00:00:00,True,2026-08-05 00:00:00,True,2026-08-05 00:00:00
NEM,mapped,pass,647,True,2026-07-23 00:00:00,True,2026-07-23 00:00:00,True,2026-07-23 00:00:00,True,2026-07-23 00:00:00,True,2026-07-23 00:00:00,True,2020-02-20 00:00:00,False,,True,2026-07-23 00:00:00
COP,mapped,pass,641,True,2026-08-06 00:00:00,True,2026-08-06 00:00:00,True,2026-08-06 00:00:00,True,2026-08-06 00:00:00,True,2026-08-06 00:00:00,False,,False,,True,2026-08-06 00:00:00
PM,mapped,pass,843,True,2026-07-24 00:00:00,True,2026-07-24 00:00:00,True,2026-07-24 00:00:00,True,2026-07-24 00:00:00,True,2026-07-24 00:00:00,True,2026-07-24 00:00:00,True,2026-07-24 00:00:00,True,2026-07-24 00:00:00
ECHO,mapped,pass,657,False,,True,2026-08-03 00:00:00,True,2026-08-03 00:00:00,True,2026-08-03 00:00:00,True,2026-08-03 00:00:00,False,,True,2026-08-03 00:00:00,True,2026-08-03 00:00:00
PWR,mapped,pass,804,True,2026-07-30 00:00:00,True,2026-07-30 00:00:00,True,2026-07-30 00:00:00,True,2026-07-30 00:00:00,True,2026-07-30 00:00:00,True,2026-07-30 00:00:00,True,2026-07-30 00:00:00,True,2026-07-30 00:00:00
MDT,mapped,pass,714,True,2026-06-18 00:00:00,True,2026-06-18 00:00:00,True,2026-06-18 00:00:00,True,2026-06-18 00:00:00,True,2026-06-18 00:00:00,True,2020-06-19 00:00:00,True,2026-06-18 00:00:00,True,2026-06-18 00:00:00
DHR,mapped,pass,735,True,2026-07-21 00:00:00,True,2026-07-21 00:00:00,False,,True,2026-07-21 00:00:00,True,2026-07-21 00:00:00,True,2026-07-21 00:00:00,True,2026-07-21 00:00:00,True,2026-07-21 00:00:00
FLEX,mapped,pass,728,True,2026-07-31 00:00:00,True,2026-07-31 00:00:00,True,2026-07-31 00:00:00,True,2026-07-31 00:00:00,True,2026-07-31 00:00:00,True,2026-07-31 00:00:00,True,2026-07-31 00:00:00,True,2026-05-20 00:00:00
HPE,mapped,pass,554,True,2026-06-02 00:00:00,True,2026-06-02 00:00:00,True,2019-12-13 00:00:00,True,2026-06-02 00:00:00,True,2026-06-02 00:00:00,False,,True,2026-06-02 00:00:00,True,2026-06-02 00:00:00
CME,mapped,pass,610,False,,True,2026-07-24 00:00:00,True,2026-07-24 00:00:00,True,2026-07-24 00:00:00,True,2026-07-24 00:00:00,False,,True,2026-07-24 00:00:00,True,2026-07-24 00:00:00
DASH,mapped,pass,487,False,,True,2026-08-05 00:00:00,True,2026-08-05 00:00:00,True,2026-08-05 00:00:00,True,2026-08-05 00:00:00,False,,True,2026-08-05 00:00:00,True,2026-08-05 00:00:00
CDNS,mapped,pass,544,True,2026-05-01 00:00:00,True,2026-05-01 00:00:00,False,,True,2026-05-01 00:00:00,True,2026-05-01 00:00:00,False,,True,2026-05-01 00:00:00,True,2026-05-01 00:00:00
OKLO,mapped,pass,344,True,2026-08-07 00:00:00,True,2026-08-07 00:00:00,True,2026-08-07 00:00:00,True,2026-08-07 00:00:00,True,2026-08-07 00:00:00,False,,True,2026-08-07 00:00:00,True,2026-08-07 00:00:00
APLD,mapped,pass,373,True,2026-07-29 00:00:00,True,2026-07-29 00:00:00,True,2026-07-29 00:00:00,True,2026-07-29 00:00:00,True,2026-07-29 00:00:00,True,2023-08-02 00:00:00,True,2026-07-29 00:00:00,True,2026-01-08 00:00:00
FTNT,mapped,pass,752,True,2026-07-30 00:00:00,True,2026-07-30 00:00:00,True,2026-07-30 00:00:00,True,2026-07-30 00:00:00,True,2026-07-30 00:00:00,True,2026-07-30 00:00:00,True,2026-07-30 00:00:00,True,2026-07-30 00:00:00
MELI,mapped,pass,1113,True,2026-08-06 00:00:00,True,2026-08-06 00:00:00,True,2026-08-06 00:00:00,True,2026-08-06 00:00:00,True,2026-08-06 00:00:00,True,2026-08-06 00:00:00,True,2026-08-06 00:00:00,True,2026-08-06 00:00:00
CVNA,mapped,pass,755,False,,True,2026-07-29 00:00:00,True,2026-07-29 00:00:00,True,2026-07-29 00:00:00,True,2026-07-29 00:00:00,True,2026-07-29 00:00:00,True,2026-07-29 00:00:00,True,2026-07-29 00:00:00
CLS,mapped,pass,157,True,2026-07-27 00:00:00,True,2026-07-27 00:00:00,True,2026-07-27 00:00:00,True,2026-07-27 00:00:00,True,2026-07-27 00:00:00,True,2026-07-27 00:00:00,True,2026-07-27 00:00:00,True,2026-07-27 00:00:00
NET,mapped,pass,616,False,,True,2026-08-06 00:00:00,True,2026-08-06 00:00:00,True,2026-08-06 00:00:00,True,2026-08-06 00:00:00,True,2026-08-06 00:00:00,True,2026-08-06 00:00:00,True,2026-08-06 00:00:00
STM,mapped,pass,183,True,2026-02-26 00:00:00,True,2026-02-26 00:00:00,True,2026-02-26 00:00:00,True,2026-02-26 00:00:00,True,2026-02-26 00:00:00,True,2026-02-26 00:00:00,True,2026-02-26 00:00:00,True,2026-02-26 00:00:00
RDDT,mapped,pass,186,False,,True,2026-07-31 00:00:00,True,2026-07-31 00:00:00,True,2026-07-31 00:00:00,True,2026-07-31 00:00:00,False,,True,2026-07-31 00:00:00,True,2026-07-31 00:00:00
UNP,mapped,pass,733,True,2026-07-23 00:00:00,True,2026-07-23 00:00:00,True,2026-07-23 00:00:00,True,2026-07-23 00:00:00,True,2026-07-23 00:00:00,False,,True,2026-07-23 00:00:00,True,2026-07-23 00:00:00
SLB,mapped,pass,649,True,2026-07-29 00:00:00,True,2026-07-29 00:00:00,True,2026-07-29 00:00:00,True,2026-07-29 00:00:00,True,2026-07-29 00:00:00,False,,True,2024-04-24 00:00:00,True,2026-07-29 00:00:00
DE,mapped,pass,746,True,2026-05-28 00:00:00,True,2026-05-28 00:00:00,True,2026-05-28 00:00:00,True,2026-05-28 00:00:00,True,2026-05-28 00:00:00,True,2020-12-17 00:00:00,True,2024-12-12 00:00:00,True,2026-05-28 00:00:00
SBUX,mapped,pass,729,True,2026-07-29 00:00:00,True,2026-07-29 00:00:00,True,2026-07-29 00:00:00,True,2026-07-29 00:00:00,True,2026-07-29 00:00:00,False,,True,2026-07-29 00:00:00,True,2026-07-29 00:00:00
VLO,mapped,pass,581,True,2026-07-30 00:00:00,True,2026-07-30 00:00:00,False,,True,2026-07-30 00:00:00,False,,True,2021-02-23 00:00:00,True,2026-07-30 00:00:00,True,2026-07-30 00:00:00
CVS,mapped,pass,760,True,2026-08-05 00:00:00,True,2026-08-05 00:00:00,True,2026-08-05 00:00:00,True,2026-08-05 00:00:00,True,2026-08-05 00:00:00,False,,True,2026-08-05 00:00:00,True,2026-08-05 00:00:00
WULF,mapped,pass,637,True,2026-08-05 00:00:00,True,2026-08-05 00:00:00,True,2026-08-05 00:00:00,True,2026-08-05 00:00:00,True,2026-08-05 00:00:00,True,2026-08-05 00:00:00,True,2026-08-05 00:00:00,True,2026-08-05 00:00:00
CCL,mapped,pass,560,True,2026-06-26 00:00:00,True,2026-06-26 00:00:00,False,,True,2026-06-26 00:00:00,True,2026-06-26 00:00:00,False,,True,2026-06-26 00:00:00,True,2026-06-26 00:00:00
VST,mapped,pass,791,True,2026-08-10 00:00:00,True,2026-08-10 00:00:00,True,2026-08-10 00:00:00,True,2026-08-10 00:00:00,True,2026-08-10 00:00:00,False,,True,2026-08-10 00:00:00,True,2026-08-10 00:00:00
RCL,mapped,pass,709,True,2026-07-28 00:00:00,True,2026-07-28 00:00:00,True,2026-07-28 00:00:00,True,2026-07-28 00:00:00,True,2026-07-28 00:00:00,False,,True,2026-07-28 00:00:00,True,2026-07-28 00:00:00
SHW,mapped,pass,814,True,2026-07-28 00:00:00,True,2026-07-28 00:00:00,False,,True,2026-07-28 00:00:00,True,2026-07-28 00:00:00,True,2026-07-28 00:00:00,True,2024-10-22 00:00:00,True,2026-07-28 00:00:00
F,mapped,pass,708,False,,True,2026-04-30 00:00:00,True,2026-04-30 00:00:00,True,2026-04-30 00:00:00,True,2026-04-30 00:00:00,False,,True,2026-04-30 00:00:00,True,2025-07-31 00:00:00
BLK,mapped,pass,172,True,2025-05-07 00:00:00,True,2026-08-06 00:00:00,True,2026-08-06 00:00:00,True,2026-08-06 00:00:00,True,2026-08-06 00:00:00,False,,True,2026-08-06 00:00:00,True,2026-08-06 00:00:00
WELL,mapped,pass,523,True,2026-04-29 00:00:00,True,2026-04-29 00:00:00,True,2026-04-29 00:00:00,True,2026-04-29 00:00:00,True,2026-04-29 00:00:00,False,,False,,False,
LMT,mapped,pass,826,True,2026-07-23 00:00:00,True,2026-07-23 00:00:00,True,2026-07-23 00:00:00,True,2026-07-23 00:00:00,True,2026-07-23 00:00:00,True,2026-07-23 00:00:00,True,2026-07-23 00:00:00,True,2026-07-23 00:00:00
PYPL,mapped,pass,722,True,2026-05-05 00:00:00,True,2026-05-05 00:00:00,True,2026-05-05 00:00:00,True,2026-05-05 00:00:00,True,2026-05-05 00:00:00,False,,True,2026-05-05 00:00:00,True,2026-05-05 00:00:00
RGTI,mapped,pass,458,True,2026-08-06 00:00:00,True,2026-08-06 00:00:00,True,2026-08-06 00:00:00,True,2026-08-06 00:00:00,True,2023-05-11 00:00:00,True,2026-08-06 00:00:00,True,2026-08-06 00:00:00,True,2026-08-06 00:00:00
ROST,mapped,pass,574,True,2026-06-02 00:00:00,True,2026-06-02 00:00:00,False,,True,2026-06-02 00:00:00,True,2026-06-02 00:00:00,False,,True,2026-06-02 00:00:00,True,2026-06-02 00:00:00
QBTS,mapped,pass,498,True,2026-08-06 00:00:00,True,2026-08-06 00:00:00,True,2026-08-06 00:00:00,True,2026-08-06 00:00:00,True,2026-08-06 00:00:00,True,2026-08-06 00:00:00,True,2026-08-06 00:00:00,True,2026-08-06 00:00:00
LOW,mapped,pass,732,True,2026-05-28 00:00:00,True,2026-05-28 00:00:00,True,2026-05-28 00:00:00,True,2026-05-28 00:00:00,True,2026-05-28 00:00:00,True,2026-05-28 00:00:00,True,2026-05-28 00:00:00,True,2026-05-28 00:00:00
TT,mapped,pass,685,True,2026-07-30 00:00:00,True,2026-07-30 00:00:00,True,2026-07-30 00:00:00,True,2026-07-30 00:00:00,True,2026-07-30 00:00:00,False,,True,2026-07-30 00:00:00,True,2026-07-30 00:00:00
NU,mapped,pass,0,False,,False,,False,,False,,False,,False,,False,,False,
HWM,mapped,pass,695,True,2026-08-06 00:00:00,True,2026-08-06 00:00:00,True,2026-08-06 00:00:00,True,2026-08-06 00:00:00,True,2026-08-06 00:00:00,False,,True,2026-08-06 00:00:00,True,2026-08-06 00:00:00
ELV,mapped,pass,763,True,2026-07-15 00:00:00,True,2026-07-15 00:00:00,True,2026-07-15 00:00:00,True,2026-07-15 00:00:00,True,2026-07-15 00:00:00,False,,True,2026-07-15 00:00:00,True,2026-07-15 00:00:00
NVTS,mapped,pass,432,True,2024-08-05 00:00:00,True,2026-07-27 00:00:00,True,2026-07-27 00:00:00,True,2026-07-27 00:00:00,True,2026-07-27 00:00:00,True,2022-11-14 00:00:00,True,2026-07-27 00:00:00,True,2025-03-19 00:00:00
DVN,mapped,pass,652,True,2026-08-05 00:00:00,True,2026-08-05 00:00:00,False,,True,2026-08-05 00:00:00,True,2026-08-05 00:00:00,False,,False,,True,2026-08-05 00:00:00
REGN,mapped,pass,684,False,,True,2026-07-30 00:00:00,True,2026-07-30 00:00:00,True,2026-07-30 00:00:00,True,2026-07-30 00:00:00,False,,True,2026-07-30 00:00:00,True,2026-07-30 00:00:00
NVO,mapped,pass,0,False,,False,,False,,False,,False,,False,,False,,False,
PH,mapped,pass,623,True,2026-05-01 00:00:00,True,2026-05-01 00:00:00,True,2026-05-01 00:00:00,True,2026-05-01 00:00:00,True,2026-05-01 00:00:00,False,,True,2026-05-01 00:00:00,True,2024-08-22 00:00:00
CMI,mapped,pass,722,True,2026-08-04 00:00:00,True,2026-08-04 00:00:00,True,2026-08-04 00:00:00,True,2026-08-04 00:00:00,True,2026-08-04 00:00:00,True,2026-08-04 00:00:00,True,2026-08-04 00:00:00,False,
TGT,mapped,pass,679,True,2026-05-29 00:00:00,True,2026-05-29 00:00:00,False,,True,2026-05-29 00:00:00,True,2026-05-29 00:00:00,False,,True,2026-05-29 00:00:00,True,2026-05-29 00:00:00
BX,mapped,pass,495,True,2026-08-07 00:00:00,True,2026-08-07 00:00:00,True,2026-08-07 00:00:00,True,2026-08-07 00:00:00,True,2026-08-07 00:00:00,False,,False,,True,2026-08-07 00:00:00
HCA,mapped,pass,522,True,2026-04-29 00:00:00,True,2026-04-29 00:00:00,True,2020-02-20 00:00:00,True,2026-04-29 00:00:00,True,2026-04-29 00:00:00,False,,False,,True,2026-04-29 00:00:00
VRTX,mapped,pass,690,True,2026-08-04 00:00:00,True,2026-08-04 00:00:00,True,2026-08-04 00:00:00,True,2026-08-04 00:00:00,True,2026-08-04 00:00:00,False,,True,2026-08-04 00:00:00,True,2026-08-04 00:00:00
DAL,mapped,pass,684,True,2026-07-10 00:00:00,True,2026-07-10 00:00:00,False,,True,2026-07-10 00:00:00,True,2026-07-10 00:00:00,False,,True,2026-07-10 00:00:00,True,2026-07-10 00:00:00
OXY,mapped,pass,567,True,2026-08-05 00:00:00,True,2026-08-05 00:00:00,False,,True,2026-08-05 00:00:00,True,2026-08-05 00:00:00,False,,False,,True,2024-05-07 00:00:00
GM,mapped,pass,832,True,2026-07-21 00:00:00,True,2026-07-21 00:00:00,True,2026-07-21 00:00:00,True,2026-07-21 00:00:00,True,2026-07-21 00:00:00,False,,True,2026-07-21 00:00:00,True,2026-07-21 00:00:00
ORLY,mapped,pass,839,True,2026-08-07 00:00:00,True,2026-08-07 00:00:00,False,,True,2026-08-07 00:00:00,True,2026-08-07 00:00:00,True,2026-08-07 00:00:00,True,2026-08-07 00:00:00,True,2026-08-07 00:00:00
ADP,mapped,pass,623,True,2026-08-05 00:00:00,True,2026-08-05 00:00:00,True,2026-08-05 00:00:00,True,2026-08-05 00:00:00,True,2026-08-05 00:00:00,True,2020-08-05 00:00:00,False,,True,2026-08-05 00:00:00
FDX,mapped,pass,548,True,2026-07-20 00:00:00,True,2026-07-20 00:00:00,False,,True,2026-07-20 00:00:00,True,2026-07-20 00:00:00,False,,True,2026-07-20 00:00:00,True,2026-07-20 00:00:00
PGR,mapped,pass,494,True,2026-08-03 00:00:00,True,2026-08-03 00:00:00,True,2026-08-03 00:00:00,True,2026-08-03 00:00:00,True,2026-08-03 00:00:00,False,,False,,True,2026-08-03 00:00:00
BMY,mapped,pass,593,True,2026-07-30 00:00:00,True,2026-07-30 00:00:00,True,2026-07-30 00:00:00,True,2026-07-30 00:00:00,True,2026-07-30 00:00:00,True,2021-02-10 00:00:00,False,,True,2026-07-30 00:00:00
WDAY,mapped,pass,540,False,,True,2026-05-22 00:00:00,True,2026-05-22 00:00:00,True,2026-05-22 00:00:00,True,2026-05-22 00:00:00,False,,True,2026-05-22 00:00:00,True,2026-05-22 00:00:00
AEP,missing,not_attempted,0,False,,False,,False,,False,,False,,False,,False,,False,
EQIX,mapped,pass,756,True,2026-07-29 00:00:00,True,2026-07-29 00:00:00,True,2026-07-29 00:00:00,True,2026-07-29 00:00:00,True,2026-07-29 00:00:00,True,2021-02-19 00:00:00,True,2026-07-29 00:00:00,True,2026-07-29 00:00:00
ICE,mapped,pass,747,True,2026-07-30 00:00:00,True,2026-07-30 00:00:00,True,2026-07-30 00:00:00,True,2026-07-30 00:00:00,True,2026-07-30 00:00:00,True,2020-10-29 00:00:00,True,2026-07-30 00:00:00,True,2026-07-30 00:00:00
MTSI,mapped,pass,742,True,2026-08-06 00:00:00,True,2026-08-06 00:00:00,True,2026-08-06 00:00:00,True,2026-08-06 00:00:00,True,2026-08-06 00:00:00,True,2026-08-06 00:00:00,True,2026-08-06 00:00:00,True,2026-08-06 00:00:00
MPC,mapped,pass,754,True,2026-08-04 00:00:00,True,2026-08-04 00:00:00,True,2026-08-04 00:00:00,True,2026-08-04 00:00:00,True,2026-08-04 00:00:00,False,,True,2026-08-04 00:00:00,True,2026-08-04 00:00:00
CMG,mapped,pass,739,True,2026-07-31 00:00:00,True,2026-07-31 00:00:00,True,2026-07-31 00:00:00,True,2026-07-31 00:00:00,True,2026-07-31 00:00:00,False,,True,2026-07-31 00:00:00,True,2026-07-31 00:00:00
MAR,mapped,pass,686,True,2026-08-03 00:00:00,True,2026-08-03 00:00:00,False,,True,2026-08-03 00:00:00,True,2026-08-03 00:00:00,False,,True,2026-08-03 00:00:00,True,2026-08-03 00:00:00
FSLR,mapped,pass,709,True,2026-07-30 00:00:00,True,2026-07-30 00:00:00,True,2026-07-30 00:00:00,True,2026-07-30 00:00:00,True,2026-07-30 00:00:00,True,2026-07-30 00:00:00,True,2026-07-30 00:00:00,True,2026-07-30 00:00:00
MARA,mapped,pass,690,True,2026-08-06 00:00:00,True,2026-08-06 00:00:00,True,2022-03-10 00:00:00,True,2026-08-06 00:00:00,True,2026-08-06 00:00:00,True,2024-05-24 00:00:00,True,2026-08-06 00:00:00,True,2026-03-02 00:00:00
AKAM,mapped,pass,552,True,2026-08-07 00:00:00,True,2026-08-07 00:00:00,True,2026-08-07 00:00:00,True,2026-08-07 00:00:00,False,,False,,True,2026-08-07 00:00:00,True,2026-08-07 00:00:00
ONDS,mapped,pass,700,True,2026-05-15 00:00:00,True,2026-05-15 00:00:00,True,2026-05-15 00:00:00,True,2026-05-15 00:00:00,True,2026-05-15 00:00:00,True,2026-05-15 00:00:00,True,2026-05-15 00:00:00,True,2026-05-15 00:00:00
MO,mapped,pass,844,True,2026-07-30 00:00:00,True,2026-07-30 00:00:00,True,2026-07-30 00:00:00,True,2026-07-30 00:00:00,True,2026-07-30 00:00:00,True,2026-07-30 00:00:00,True,2026-07-30 00:00:00,True,2026-07-30 00:00:00
CSX,mapped,pass,814,True,2026-07-22 00:00:00,True,2026-07-22 00:00:00,True,2026-07-22 00:00:00,True,2026-07-22 00:00:00,True,2026-07-22 00:00:00,False,,True,2026-07-22 00:00:00,True,2026-07-22 00:00:00
MMM,mapped,pass,807,True,2026-07-21 00:00:00,True,2026-07-21 00:00:00,True,2026-07-21 00:00:00,True,2026-07-21 00:00:00,True,2026-07-21 00:00:00,False,,True,2026-07-21 00:00:00,True,2026-07-21 00:00:00
AMT,mapped,pass,778,True,2026-04-28 00:00:00,True,2026-04-28 00:00:00,True,2026-04-28 00:00:00,True,2026-04-28 00:00:00,True,2026-04-28 00:00:00,False,,True,2026-04-28 00:00:00,True,2022-10-27 00:00:00
JCI,mapped,pass,573,True,2026-05-06 00:00:00,True,2026-05-06 00:00:00,False,,True,2026-05-06 00:00:00,True,2026-05-06 00:00:00,True,2026-05-06 00:00:00,False,,True,2026-05-06 00:00:00
HIMS,mapped,pass,573,False,,True,2026-05-11 00:00:00,True,2026-05-11 00:00:00,True,2026-05-11 00:00:00,True,2026-05-11 00:00:00,True,2026-05-11 00:00:00,True,2026-05-11 00:00:00,True,2026-05-11 00:00:00
CB,mapped,pass,498,True,2026-04-28 00:00:00,True,2026-04-28 00:00:00,True,2026-04-28 00:00:00,True,2026-04-28 00:00:00,True,2026-04-28 00:00:00,False,,False,,True,2026-04-28 00:00:00
LNG,mapped,pass,845,True,2026-08-06 00:00:00,True,2026-08-06 00:00:00,True,2026-08-06 00:00:00,True,2026-08-06 00:00:00,True,2026-08-06 00:00:00,False,,True,2026-08-06 00:00:00,True,2026-08-06 00:00:00
SO,mapped,pass,599,True,2026-04-30 00:00:00,True,2026-04-30 00:00:00,True,2026-04-30 00:00:00,True,2026-04-30 00:00:00,True,2026-04-30 00:00:00,False,,True,2026-04-30 00:00:00,True,2026-04-30 00:00:00
ZTS,mapped,pass,594,True,2026-08-06 00:00:00,True,2026-08-06 00:00:00,True,2026-08-06 00:00:00,True,2026-08-06 00:00:00,True,2026-08-06 00:00:00,False,,False,,True,2026-08-06 00:00:00
TEL,mapped,pass,778,True,2026-07-24 00:00:00,True,2026-07-24 00:00:00,True,2026-07-24 00:00:00,True,2026-07-24 00:00:00,True,2026-07-24 00:00:00,True,2026-07-24 00:00:00,True,2026-07-24 00:00:00,True,2026-07-24 00:00:00
CIFR,mapped,pass,438,True,2026-08-04 00:00:00,True,2026-08-04 00:00:00,True,2026-08-04 00:00:00,True,2026-08-04 00:00:00,True,2026-08-04 00:00:00,False,,True,2026-08-04 00:00:00,True,2026-08-04 00:00:00
HLT,mapped,pass,767,True,2026-07-28 00:00:00,True,2026-07-28 00:00:00,True,2026-07-28 00:00:00,True,2026-07-28 00:00:00,True,2026-07-28 00:00:00,False,,True,2026-07-28 00:00:00,True,2026-07-28 00:00:00
SAP,mapped,pass,8,True,2026-02-26 00:00:00,False,,False,,False,,False,,False,,False,,False,
WBD,mapped,pass,773,True,2026-08-06 00:00:00,True,2026-08-06 00:00:00,True,2026-08-06 00:00:00,True,2026-08-06 00:00:00,True,2026-08-06 00:00:00,False,,True,2026-08-06 00:00:00,True,2026-08-06 00:00:00
BNY,mapped,pass,522,True,2026-07-31 00:00:00,True,2026-07-31 00:00:00,True,2026-07-31 00:00:00,True,2026-07-31 00:00:00,True,2026-02-25 00:00:00,False,,False,,True,2026-07-31 00:00:00
NOC,mapped,pass,620,True,2026-07-21 00:00:00,True,2026-07-21 00:00:00,True,2026-07-21 00:00:00,True,2026-07-21 00:00:00,True,2026-07-21 00:00:00,False,,True,2026-07-21 00:00:00,True,2026-07-21 00:00:00
FN,mapped,pass,742,True,2026-05-05 00:00:00,True,2026-05-05 00:00:00,True,2026-05-05 00:00:00,True,2026-05-05 00:00:00,True,2026-05-05 00:00:00,True,2026-05-05 00:00:00,True,2026-05-05 00:00:00,True,2026-05-05 00:00:00
EBAY,mapped,pass,765,True,2026-08-06 00:00:00,True,2026-08-06 00:00:00,True,2026-08-06 00:00:00,True,2026-08-06 00:00:00,True,2026-08-06 00:00:00,True,2026-08-06 00:00:00,True,2026-08-06 00:00:00,True,2026-08-06 00:00:00
STRL,mapped,pass,816,True,2026-08-04 00:00:00,True,2026-08-04 00:00:00,True,2026-08-04 00:00:00,True,2026-08-04 00:00:00,True,2026-08-04 00:00:00,True,2026-08-04 00:00:00,True,2026-08-04 00:00:00,True,2026-08-04 00:00:00
HUM,mapped,pass,646,True,2026-04-29 00:00:00,True,2026-04-29 00:00:00,True,2026-04-29 00:00:00,True,2026-04-29 00:00:00,True,2026-04-29 00:00:00,False,,True,2026-04-29 00:00:00,True,2026-04-29 00:00:00
TDG,mapped,pass,848,True,2026-08-04 00:00:00,True,2026-08-04 00:00:00,True,2026-08-04 00:00:00,True,2026-08-04 00:00:00,True,2026-08-04 00:00:00,True,2026-08-04 00:00:00,True,2026-08-04 00:00:00,True,2026-08-04 00:00:00
ABNB,mapped,pass,437,False,,True,2026-08-06 00:00:00,True,2026-08-06 00:00:00,True,2026-08-06 00:00:00,True,2026-08-06 00:00:00,False,,True,2026-08-06 00:00:00,True,2026-08-06 00:00:00
RBLX,mapped,pass,455,False,,True,2026-07-30 00:00:00,True,2026-07-30 00:00:00,True,2026-07-30 00:00:00,True,2026-07-30 00:00:00,False,,True,2026-07-30 00:00:00,True,2026-07-30 00:00:00
TSEM,mapped,pass,184,True,2026-04-30 00:00:00,True,2026-04-30 00:00:00,True,2026-04-30 00:00:00,True,2026-04-30 00:00:00,True,2026-04-30 00:00:00,True,2026-04-30 00:00:00,True,2026-04-30 00:00:00,True,2026-04-30 00:00:00
BKR,mapped,pass,624,True,2026-07-27 00:00:00,True,2026-07-27 00:00:00,False,,True,2026-07-27 00:00:00,True,2026-07-27 00:00:00,True,2020-02-13 00:00:00,True,2025-02-04 00:00:00,True,2026-07-27 00:00:00
MDLZ,mapped,pass,820,True,2026-04-28 00:00:00,True,2026-04-28 00:00:00,True,2026-04-28 00:00:00,True,2026-04-28 00:00:00,True,2026-04-28 00:00:00,True,2026-04-28 00:00:00,True,2026-04-28 00:00:00,True,2026-04-28 00:00:00
USB,mapped,pass,521,True,2026-08-06 00:00:00,True,2026-08-06 00:00:00,True,2026-08-06 00:00:00,True,2026-08-06 00:00:00,True,2026-08-06 00:00:00,False,,False,,True,2026-08-06 00:00:00
CRH,mapped,pass,305,True,2026-07-30 00:00:00,True,2026-07-30 00:00:00,True,2026-07-30 00:00:00,True,2026-07-30 00:00:00,True,2026-07-30 00:00:00,True,2026-07-30 00:00:00,True,2026-07-30 00:00:00,True,2026-07-30 00:00:00
CAH,mapped,pass,742,True,2026-02-05 00:00:00,True,2026-02-05 00:00:00,False,,True,2026-02-05 00:00:00,True,2026-02-05 00:00:00,True,2026-02-05 00:00:00,True,2026-02-05 00:00:00,True,2026-02-05 00:00:00
PLD,mapped,pass,774,True,2026-04-30 00:00:00,True,2026-04-30 00:00:00,True,2026-04-30 00:00:00,True,2026-04-30 00:00:00,True,2026-04-30 00:00:00,False,,True,2026-04-30 00:00:00,True,2026-04-30 00:00:00
ADSK,mapped,pass,787,True,2026-05-29 00:00:00,True,2026-05-29 00:00:00,False,,True,2026-05-29 00:00:00,True,2026-05-29 00:00:00,True,2026-05-29 00:00:00,True,2026-05-29 00:00:00,True,2026-05-29 00:00:00
APO,mapped,pass,340,True,2026-08-10 00:00:00,True,2026-08-10 00:00:00,True,2026-08-10 00:00:00,True,2026-08-10 00:00:00,True,2026-08-10 00:00:00,False,,False,,True,2026-08-10 00:00:00
MDB,mapped,pass,732,True,2026-05-29 00:00:00,True,2026-05-29 00:00:00,True,2026-05-29 00:00:00,True,2026-05-29 00:00:00,True,2026-05-29 00:00:00,True,2026-05-29 00:00:00,True,2026-05-29 00:00:00,True,2026-05-29 00:00:00
B,mapped,pass,8,True,2026-02-27 00:00:00,False,,False,,False,,False,,False,,False,,False,
WMB,mapped,pass,708,True,2026-08-03 00:00:00,True,2026-08-03 00:00:00,False,,True,2026-08-03 00:00:00,True,2026-08-03 00:00:00,False,,True,2026-08-03 00:00:00,True,2026-08-03 00:00:00
TRV,mapped,pass,496,True,2026-07-17 00:00:00,True,2026-07-17 00:00:00,True,2026-07-17 00:00:00,True,2026-07-17 00:00:00,True,2026-07-17 00:00:00,False,,False,,True,2026-07-17 00:00:00
MCO,mapped,pass,721,True,2026-07-23 00:00:00,True,2026-07-23 00:00:00,True,2026-07-23 00:00:00,True,2026-07-23 00:00:00,True,2026-07-23 00:00:00,False,,True,2026-07-23 00:00:00,True,2026-07-23 00:00:00
KEYS,mapped,pass,593,True,2026-06-04 00:00:00,True,2026-06-04 00:00:00,True,2026-06-04 00:00:00,True,2026-06-04 00:00:00,True,2026-06-04 00:00:00,False,,True,2026-06-04 00:00:00,True,2026-06-04 00:00:00
TTWO,mapped,pass,819,True,2026-08-07 00:00:00,True,2026-08-07 00:00:00,True,2026-08-07 00:00:00,True,2026-08-07 00:00:00,True,2026-08-07 00:00:00,True,2026-08-07 00:00:00,True,2026-08-07 00:00:00,True,2026-08-07 00:00:00
AXON,mapped,pass,929,True,2026-08-06 00:00:00,True,2026-08-06 00:00:00,True,2026-08-06 00:00:00,True,2026-08-06 00:00:00,True,2026-08-06 00:00:00,True,2026-08-06 00:00:00,True,2026-08-06 00:00:00,True,2026-08-06 00:00:00
EOG,mapped,pass,630,True,2026-08-04 00:00:00,True,2026-08-04 00:00:00,False,,True,2026-08-04 00:00:00,True,2026-08-04 00:00:00,False,,True,2026-08-04 00:00:00,True,2026-08-04 00:00:00
AON,mapped,pass,684,True,2026-07-29 00:00:00,True,2026-07-29 00:00:00,True,2026-07-29 00:00:00,True,2026-07-29 00:00:00,True,2026-07-29 00:00:00,False,,True,2026-07-29 00:00:00,True,2026-07-29 00:00:00
WM,mapped,pass,725,True,2026-07-29 00:00:00,True,2026-07-29 00:00:00,True,2026-07-29 00:00:00,True,2026-07-29 00:00:00,True,2026-07-29 00:00:00,False,,True,2026-07-29 00:00:00,True,2026-07-29 00:00:00
DOCN,mapped,pass,576,True,2026-08-04 00:00:00,True,2026-08-04 00:00:00,True,2026-08-04 00:00:00,True,2026-08-04 00:00:00,True,2026-08-04 00:00:00,True,2026-08-04 00:00:00,True,2026-08-04 00:00:00,True,2026-08-04 00:00:00
ZS,mapped,pass,698,True,2026-05-26 00:00:00,True,2026-05-26 00:00:00,True,2026-05-26 00:00:00,True,2026-05-26 00:00:00,True,2026-05-26 00:00:00,True,2026-05-26 00:00:00,True,2026-05-26 00:00:00,True,2026-05-26 00:00:00
RIVN,mapped,pass,472,False,,True,2026-07-30 00:00:00,True,2026-07-30 00:00:00,True,2026-07-30 00:00:00,True,2026-07-30 00:00:00,True,2026-07-30 00:00:00,True,2026-07-30 00:00:00,True,2026-07-30 00:00:00
TEAM,mapped,pass,332,False,,True,2026-05-01 00:00:00,True,2026-05-01 00:00:00,True,2026-05-01 00:00:00,True,2026-05-01 00:00:00,True,2026-05-01 00:00:00,True,2026-05-01 00:00:00,True,2026-05-01 00:00:00
FANG,mapped,pass,774,True,2026-08-05 00:00:00,True,2026-08-05 00:00:00,True,2026-08-05 00:00:00,True,2026-08-05 00:00:00,True,2026-08-05 00:00:00,False,,True,2026-08-05 00:00:00,True,2026-08-05 00:00:00
CHTR,mapped,pass,664,False,,True,2026-07-24 00:00:00,False,,True,2026-07-24 00:00:00,True,2026-07-24 00:00:00,False,,True,2026-07-24 00:00:00,True,2026-07-24 00:00:00
ENTG,mapped,pass,863,True,2026-08-04 00:00:00,True,2026-08-04 00:00:00,False,,True,2026-08-04 00:00:00,True,2026-08-04 00:00:00,True,2026-08-04 00:00:00,True,2026-08-04 00:00:00,True,2026-08-04 00:00:00
HUT,mapped,pass,254,True,2026-08-04 00:00:00,True,2026-08-04 00:00:00,True,2026-08-04 00:00:00,True,2026-08-04 00:00:00,True,2026-08-04 00:00:00,False,,True,2026-08-04 00:00:00,True,2026-08-04 00:00:00
CL,mapped,pass,756,True,2026-07-31 00:00:00,True,2026-07-31 00:00:00,True,2026-07-31 00:00:00,True,2026-07-31 00:00:00,True,2026-07-31 00:00:00,True,2026-07-31 00:00:00,True,2026-07-31 00:00:00,True,2026-07-31 00:00:00
COR,mapped,pass,780,True,2026-08-05 00:00:00,True,2026-08-05 00:00:00,False,,True,2026-08-05 00:00:00,True,2026-08-05 00:00:00,True,2026-08-05 00:00:00,True,2026-08-05 00:00:00,True,2026-08-05 00:00:00
CTSH,mapped,pass,783,True,2026-04-29 00:00:00,True,2026-04-29 00:00:00,True,2026-04-29 00:00:00,True,2026-04-29 00:00:00,True,2026-04-29 00:00:00,False,,True,2026-04-29 00:00:00,True,2026-04-29 00:00:00
HAL,mapped,pass,585,True,2026-07-24 00:00:00,True,2026-07-24 00:00:00,True,2026-07-24 00:00:00,True,2026-07-24 00:00:00,False,,False,,True,2026-07-24 00:00:00,True,2026-07-24 00:00:00
GD,mapped,pass,562,True,2026-04-29 00:00:00,True,2026-04-29 00:00:00,False,,True,2026-04-29 00:00:00,True,2026-04-29 00:00:00,False,,True,2026-04-29 00:00:00,True,2026-04-29 00:00:00
KKR,mapped,pass,544,True,2026-08-06 00:00:00,True,2026-08-06 00:00:00,True,2026-08-06 00:00:00,True,2026-08-06 00:00:00,True,2026-08-06 00:00:00,False,,False,,True,2026-08-06 00:00:00
MNST,mapped,pass,609,True,2026-08-07 00:00:00,True,2026-08-07 00:00:00,False,,True,2026-08-07 00:00:00,True,2026-08-07 00:00:00,True,2026-08-07 00:00:00,True,2026-08-07 00:00:00,False,
DLR,mapped,pass,694,True,2026-05-01 00:00:00,True,2026-05-01 00:00:00,True,2026-05-01 00:00:00,True,2026-05-01 00:00:00,True,2026-05-01 00:00:00,False,,True,2026-05-01 00:00:00,True,2026-05-01 00:00:00
PNC,mapped,pass,513,True,2026-08-05 00:00:00,True,2026-08-05 00:00:00,True,2026-08-05 00:00:00,True,2026-08-05 00:00:00,True,2026-08-05 00:00:00,False,,False,,True,2026-08-05 00:00:00
CI,mapped,pass,596,True,2026-07-30 00:00:00,True,2026-07-30 00:00:00,True,2026-07-30 00:00:00,True,2026-07-30 00:00:00,True,2026-07-30 00:00:00,False,,True,2026-07-30 00:00:00,True,2026-07-30 00:00:00
KMB,mapped,pass,737,True,2026-08-04 00:00:00,True,2026-08-04 00:00:00,False,,True,2026-08-04 00:00:00,True,2026-08-04 00:00:00,True,2026-08-04 00:00:00,True,2026-08-04 00:00:00,True,2026-08-04 00:00:00
MSI,mapped,pass,721,True,2026-08-05 00:00:00,True,2026-08-05 00:00:00,False,,True,2026-08-05 00:00:00,True,2026-08-05 00:00:00,True,2026-08-05 00:00:00,True,2026-08-05 00:00:00,True,2026-08-05 00:00:00
KR,mapped,pass,753,True,2026-06-26 00:00:00,True,2026-06-26 00:00:00,True,2026-06-26 00:00:00,True,2026-06-26 00:00:00,True,2026-06-26 00:00:00,False,,True,2026-06-26 00:00:00,True,2026-06-26 00:00:00
RDW,mapped,pass,512,True,2026-08-06 00:00:00,True,2026-08-06 00:00:00,True,2026-08-06 00:00:00,True,2026-08-06 00:00:00,True,2026-08-06 00:00:00,True,2026-08-06 00:00:00,True,2026-08-06 00:00:00,True,2026-08-06 00:00:00
AEM,mapped,pass,8,True,2026-03-19 00:00:00,False,,False,,False,,False,,False,,False,,False,
PATH,mapped,pass,496,False,,True,2026-06-04 00:00:00,True,2026-06-04 00:00:00,True,2026-06-04 00:00:00,True,2026-06-04 00:00:00,True,2026-06-04 00:00:00,True,2026-06-04 00:00:00,True,2026-06-04 00:00:00
JBL,mapped,pass,778,True,2026-06-30 00:00:00,True,2026-06-30 00:00:00,True,2026-06-30 00:00:00,True,2026-06-30 00:00:00,True,2026-06-30 00:00:00,True,2026-06-30 00:00:00,True,2026-06-30 00:00:00,True,2026-06-30 00:00:00
TWLO,mapped,pass,721,True,2026-08-07 00:00:00,True,2026-08-07 00:00:00,True,2026-08-07 00:00:00,True,2026-08-07 00:00:00,True,2026-08-07 00:00:00,True,2026-08-07 00:00:00,True,2026-08-07 00:00:00,True,2026-08-07 00:00:00
MRSH,mapped,pass,470,True,2026-07-21 00:00:00,True,2026-07-21 00:00:00,False,,True,2026-07-21 00:00:00,True,2026-07-21 00:00:00,False,,True,2026-07-21 00:00:00,True,2026-07-21 00:00:00
PSX,mapped,pass,620,True,2026-08-05 00:00:00,True,2026-08-05 00:00:00,True,2026-08-05 00:00:00,True,2026-08-05 00:00:00,True,2026-08-05 00:00:00,False,,False,,True,2026-08-05 00:00:00
SMTC,mapped,pass,698,True,2026-05-27 00:00:00,True,2026-05-27 00:00:00,False,,True,2026-05-27 00:00:00,True,2026-05-27 00:00:00,True,2026-05-27 00:00:00,True,2026-05-27 00:00:00,True,2026-05-27 00:00:00
DUK,mapped,pass,547,True,2026-05-05 00:00:00,True,2026-05-05 00:00:00,False,,True,2026-05-05 00:00:00,False,,False,,True,2026-05-05 00:00:00,True,2026-05-05 00:00:00
ECL,mapped,pass,750,True,2026-08-06 00:00:00,True,2026-08-06 00:00:00,True,2026-08-06 00:00:00,True,2026-08-06 00:00:00,True,2026-08-06 00:00:00,False,,True,2026-08-06 00:00:00,True,2026-08-06 00:00:00
RVMD,mapped,pass,562,True,2026-08-05 00:00:00,True,2026-08-05 00:00:00,True,2026-08-05 00:00:00,True,2026-08-05 00:00:00,True,2026-02-25 00:00:00,False,,True,2026-08-05 00:00:00,True,2026-08-05 00:00:00
EW,mapped,pass,742,True,2026-08-04 00:00:00,True,2026-08-04 00:00:00,True,2026-08-04 00:00:00,True,2026-08-04 00:00:00,True,2026-08-04 00:00:00,True,2026-08-04 00:00:00,True,2026-08-04 00:00:00,True,2026-08-04 00:00:00
IBKR,mapped,pass,470,False,,True,2026-08-06 00:00:00,True,2026-08-06 00:00:00,True,2026-08-06 00:00:00,True,2026-08-06 00:00:00,False,,False,,False,
CDE,mapped,pass,608,True,2026-08-05 00:00:00,True,2026-08-05 00:00:00,False,,True,2026-08-05 00:00:00,True,2026-08-05 00:00:00,True,2021-02-17 00:00:00,True,2026-08-05 00:00:00,True,2026-08-05 00:00:00
BDX,mapped,pass,512,True,2026-08-06 00:00:00,True,2026-08-06 00:00:00,False,,True,2026-08-06 00:00:00,True,2026-08-06 00:00:00,True,2020-11-25 00:00:00,True,2026-08-06 00:00:00,True,2026-08-06 00:00:00
RIOT,mapped,pass,662,True,2026-04-30 00:00:00,True,2026-04-30 00:00:00,True,2026-04-30 00:00:00,True,2026-04-30 00:00:00,True,2026-04-30 00:00:00,False,,True,2026-04-30 00:00:00,True,2026-04-30 00:00:00
XEL,mapped,pass,599,True,2026-07-30 00:00:00,True,2026-07-30 00:00:00,False,,True,2026-07-30 00:00:00,True,2019-10-25 00:00:00,False,,True,2026-07-30 00:00:00,True,2026-07-30 00:00:00
POET,mapped,pass,8,True,2026-03-31 00:00:00,False,,False,,False,,False,,False,,False,,False,
EQT,mapped,pass,786,True,2026-07-22 00:00:00,True,2026-07-22 00:00:00,True,2026-07-22 00:00:00,True,2026-07-22 00:00:00,True,2026-07-22 00:00:00,False,,True,2026-07-22 00:00:00,True,2026-07-22 00:00:00
LHX,mapped,pass,564,True,2026-07-30 00:00:00,True,2026-07-30 00:00:00,True,2026-07-30 00:00:00,True,2026-07-30 00:00:00,True,2026-07-30 00:00:00,False,,True,2026-07-30 00:00:00,True,2026-07-30 00:00:00
LULU,mapped,pass,729,True,2026-06-04 00:00:00,True,2026-06-04 00:00:00,True,2026-06-04 00:00:00,True,2026-06-04 00:00:00,True,2026-06-04 00:00:00,True,2026-06-04 00:00:00,True,2026-06-04 00:00:00,True,2026-06-04 00:00:00
LYV,mapped,pass,672,True,2026-07-30 00:00:00,True,2026-07-30 00:00:00,False,,True,2026-07-30 00:00:00,True,2026-07-30 00:00:00,False,,True,2026-07-30 00:00:00,True,2026-07-30 00:00:00
DOW,mapped,pass,446,True,2026-04-24 00:00:00,True,2026-04-24 00:00:00,False,,True,2026-04-24 00:00:00,True,2026-04-24 00:00:00,True,2021-02-05 00:00:00,False,,True,2026-04-24 00:00:00
USAR,mapped,pass,174,True,2025-11-06 00:00:00,True,2026-05-14 00:00:00,True,2026-05-14 00:00:00,True,2026-05-14 00:00:00,True,2026-05-14 00:00:00,True,2026-05-14 00:00:00,True,2026-05-14 00:00:00,True,2026-05-14 00:00:00
CARR,mapped,pass,487,True,2026-04-30 00:00:00,True,2026-04-30 00:00:00,True,2026-04-30 00:00:00,True,2026-04-30 00:00:00,True,2026-04-30 00:00:00,False,,True,2026-04-30 00:00:00,True,2026-04-30 00:00:00
ZM,mapped,pass,680,False,,True,2026-05-22 00:00:00,True,2026-05-22 00:00:00,True,2026-05-22 00:00:00,True,2026-05-22 00:00:00,True,2026-05-22 00:00:00,True,2026-05-22 00:00:00,True,2026-05-22 00:00:00
MKSI,mapped,pass,863,True,2026-08-06 00:00:00,True,2026-08-06 00:00:00,True,2026-08-06 00:00:00,True,2026-08-06 00:00:00,True,2026-08-06 00:00:00,True,2026-08-06 00:00:00,True,2026-08-06 00:00:00,True,2026-08-06 00:00:00
AMKR,mapped,pass,870,True,2026-04-28 00:00:00,True,2026-04-28 00:00:00,True,2026-04-28 00:00:00,True,2026-04-28 00:00:00,True,2026-04-28 00:00:00,True,2026-04-28 00:00:00,True,2026-04-28 00:00:00,True,2026-04-28 00:00:00
RKT,mapped,pass,391,False,,True,2026-08-07 00:00:00,True,2026-08-07 00:00:00,True,2026-08-07 00:00:00,False,,True,2025-03-03 00:00:00,False,,True,2026-08-07 00:00:00
TTMI,mapped,pass,720,True,2026-08-05 00:00:00,True,2026-08-05 00:00:00,False,,True,2026-08-05 00:00:00,True,2026-08-05 00:00:00,True,2026-08-05 00:00:00,True,2026-08-05 00:00:00,True,2026-08-05 00:00:00
D,mapped,pass,870,True,2026-05-01 00:00:00,True,2026-05-01 00:00:00,True,2026-05-01 00:00:00,True,2026-05-01 00:00:00,True,2026-05-01 00:00:00,False,,True,2026-05-01 00:00:00,True,2026-05-01 00:00:00
ROP,mapped,pass,936,True,2026-07-31 00:00:00,True,2026-07-31 00:00:00,True,2026-07-31 00:00:00,True,2026-07-31 00:00:00,True,2026-07-31 00:00:00,True,2026-07-31 00:00:00,True,2026-07-31 00:00:00,True,2026-07-31 00:00:00
EXC,mapped,pass,596,True,2026-05-06 00:00:00,True,2026-05-06 00:00:00,True,2026-05-06 00:00:00,True,2026-05-06 00:00:00,True,2026-05-06 00:00:00,False,,True,2026-05-06 00:00:00,False,
TFC,mapped,pass,315,True,2026-07-31 00:00:00,True,2026-07-31 00:00:00,True,2026-07-31 00:00:00,True,2026-07-31 00:00:00,False,,False,,False,,False,
ODFL,mapped,pass,491,True,2026-08-05 00:00:00,True,2026-08-05 00:00:00,True,2026-08-05 00:00:00,True,2026-08-05 00:00:00,False,,False,,True,2026-08-05 00:00:00,True,2026-08-05 00:00:00
XYZ,mapped,pass,747,False,,True,2026-08-05 00:00:00,True,2026-08-05 00:00:00,True,2026-08-05 00:00:00,True,2026-08-05 00:00:00,True,2026-08-05 00:00:00,True,2026-08-05 00:00:00,True,2026-08-05 00:00:00
TSCO,mapped,pass,811,True,2026-08-06 00:00:00,True,2026-08-06 00:00:00,True,2026-08-06 00:00:00,True,2026-08-06 00:00:00,True,2026-08-06 00:00:00,True,2026-08-06 00:00:00,True,2026-08-06 00:00:00,True,2026-08-06 00:00:00
EMR,mapped,pass,661,True,2026-08-04 00:00:00,True,2026-08-04 00:00:00,False,,True,2026-08-04 00:00:00,True,2026-08-04 00:00:00,True,2025-11-10 00:00:00,False,,True,2026-08-04 00:00:00
PL,mapped,pass,474,False,,True,2026-06-05 00:00:00,True,2026-06-05 00:00:00,True,2026-06-05 00:00:00,True,2026-06-05 00:00:00,True,2026-06-05 00:00:00,True,2026-06-05 00:00:00,True,2026-06-05 00:00:00
MXL,mapped,pass,873,True,2026-07-23 00:00:00,True,2026-07-23 00:00:00,True,2026-07-23 00:00:00,True,2026-07-23 00:00:00,True,2026-07-23 00:00:00,True,2026-07-23 00:00:00,True,2026-07-23 00:00:00,True,2026-07-23 00:00:00
CNQ,mapped,pass,8,True,2026-03-26 00:00:00,False,,False,,False,,False,,False,,False,,False,
VEEV,mapped,pass,781,True,2026-06-05 00:00:00,True,2026-06-05 00:00:00,True,2026-06-05 00:00:00,True,2026-06-05 00:00:00,True,2026-06-05 00:00:00,True,2026-06-05 00:00:00,True,2026-06-05 00:00:00,True,2026-06-05 00:00:00
HSY,mapped,pass,781,False,,True,2026-07-30 00:00:00,True,2026-07-30 00:00:00,True,2026-07-30 00:00:00,True,2026-07-30 00:00:00,True,2026-07-30 00:00:00,True,2026-07-30 00:00:00,True,2026-07-30 00:00:00
KDP,mapped,pass,936,True,2026-04-23 00:00:00,True,2026-04-23 00:00:00,True,2026-04-23 00:00:00,True,2026-04-23 00:00:00,True,2026-04-23 00:00:00,True,2026-04-23 00:00:00,True,2026-04-23 00:00:00,True,2026-04-23 00:00:00
BP,mapped,pass,0,False,,False,,False,,False,,False,,False,,False,,False,
MTZ,mapped,pass,633,True,2026-07-30 00:00:00,True,2026-07-30 00:00:00,True,2026-07-30 00:00:00,True,2026-07-30 00:00:00,True,2026-07-30 00:00:00,False,,True,2026-07-30 00:00:00,True,2026-07-30 00:00:00
EXPE,mapped,pass,625,False,,True,2026-08-06 00:00:00,False,,True,2026-08-06 00:00:00,True,2026-08-06 00:00:00,False,,True,2026-08-06 00:00:00,True,2026-08-06 00:00:00
AZN,mapped,pass,0,False,,False,,False,,False,,False,,False,,False,,False,
ETR,mapped,pass,584,True,2026-05-01 00:00:00,True,2026-05-01 00:00:00,False,,True,2026-05-01 00:00:00,True,2026-05-01 00:00:00,False,,True,2026-05-01 00:00:00,True,2024-02-23 00:00:00
CPNG,mapped,pass,453,False,,True,2026-08-04 00:00:00,True,2026-08-04 00:00:00,True,2026-08-04 00:00:00,True,2026-08-04 00:00:00,True,2026-08-04 00:00:00,True,2026-08-04 00:00:00,True,2026-08-04 00:00:00
NCLH,mapped,pass,560,True,2026-08-03 00:00:00,True,2026-08-03 00:00:00,True,2026-08-03 00:00:00,True,2026-08-03 00:00:00,False,,False,,True,2026-08-03 00:00:00,True,2026-08-03 00:00:00
MSCI,mapped,pass,763,True,2026-07-21 00:00:00,True,2026-07-21 00:00:00,True,2026-07-21 00:00:00,True,2026-07-21 00:00:00,True,2026-07-21 00:00:00,False,,True,2026-07-21 00:00:00,True,2026-07-21 00:00:00
HPQ,mapped,pass,640,True,2026-05-28 00:00:00,True,2026-05-28 00:00:00,False,,True,2026-05-28 00:00:00,True,2026-05-28 00:00:00,True,2026-05-28 00:00:00,True,2026-05-28 00:00:00,True,2026-05-28 00:00:00
LYB,mapped,pass,593,True,2026-07-31 00:00:00,True,2026-07-31 00:00:00,False,,True,2026-07-31 00:00:00,True,2026-07-31 00:00:00,True,2021-02-25 00:00:00,True,2026-07-31 00:00:00,True,2020-02-20 00:00:00
AJG,mapped,pass,658,True,2026-08-05 00:00:00,True,2026-08-05 00:00:00,True,2026-08-05 00:00:00,True,2026-08-05 00:00:00,True,2026-08-05 00:00:00,False,,False,,True,2026-08-05 00:00:00
LUNR,mapped,pass,371,True,2023-03-31 00:00:00,True,2026-05-15 00:00:00,True,2026-05-15 00:00:00,True,2026-05-15 00:00:00,True,2026-05-15 00:00:00,False,,True,2026-05-15 00:00:00,True,2026-05-15 00:00:00
CASY,mapped,pass,600,True,2026-06-22 00:00:00,True,2026-06-22 00:00:00,True,2026-06-22 00:00:00,True,2026-06-22 00:00:00,True,2026-06-22 00:00:00,True,2020-06-26 00:00:00,False,,True,2026-06-22 00:00:00
NRG,mapped,pass,758,True,2026-08-04 00:00:00,True,2026-08-04 00:00:00,True,2026-08-04 00:00:00,True,2026-08-04 00:00:00,True,2026-08-04 00:00:00,False,,True,2026-08-04 00:00:00,True,2026-08-04 00:00:00
DXCM,mapped,pass,777,True,2026-07-30 00:00:00,True,2026-07-30 00:00:00,True,2026-07-30 00:00:00,True,2026-07-30 00:00:00,True,2026-07-30 00:00:00,True,2026-07-30 00:00:00,True,2026-07-30 00:00:00,True,2026-07-30 00:00:00
VRSK,mapped,pass,630,True,2026-04-29 00:00:00,True,2026-04-29 00:00:00,True,2026-04-29 00:00:00,True,2026-04-29 00:00:00,True,2026-04-29 00:00:00,False,,True,2026-04-29 00:00:00,True,2026-04-29 00:00:00
DG,mapped,pass,728,True,2026-06-02 00:00:00,True,2026-06-02 00:00:00,True,2026-06-02 00:00:00,True,2026-06-02 00:00:00,True,2026-06-02 00:00:00,True,2026-06-02 00:00:00,True,2026-06-02 00:00:00,True,2026-06-02 00:00:00
NTAP,mapped,pass,699,True,2026-06-05 00:00:00,True,2026-06-05 00:00:00,True,2026-06-05 00:00:00,True,2026-06-05 00:00:00,True,2026-06-05 00:00:00,True,2026-06-05 00:00:00,True,2026-06-05 00:00:00,True,2026-06-05 00:00:00
ALB,mapped,pass,772,True,2026-08-05 00:00:00,True,2026-08-05 00:00:00,False,,True,2026-08-05 00:00:00,True,2026-08-05 00:00:00,True,2026-08-05 00:00:00,True,2026-08-05 00:00:00,True,2026-08-05 00:00:00
ULTA,mapped,pass,879,True,2026-06-02 00:00:00,True,2026-06-02 00:00:00,True,2026-06-02 00:00:00,True,2026-06-02 00:00:00,True,2026-06-02 00:00:00,True,2026-06-02 00:00:00,True,2026-06-02 00:00:00,True,2026-06-02 00:00:00
FICO,mapped,pass,661,True,2026-07-29 00:00:00,True,2026-07-29 00:00:00,True,2026-07-29 00:00:00,True,2026-07-29 00:00:00,True,2026-07-29 00:00:00,True,2020-11-12 00:00:00,True,2026-07-29 00:00:00,True,2026-07-29 00:00:00
MP,mapped,pass,486,True,2026-08-07 00:00:00,True,2026-08-07 00:00:00,True,2026-08-07 00:00:00,True,2026-08-07 00:00:00,True,2026-08-07 00:00:00,False,,True,2026-08-07 00:00:00,True,2026-08-07 00:00:00
IDXX,mapped,pass,853,True,2026-08-04 00:00:00,True,2026-08-04 00:00:00,True,2026-08-04 00:00:00,True,2026-08-04 00:00:00,True,2026-08-04 00:00:00,True,2026-08-04 00:00:00,True,2026-08-04 00:00:00,True,2026-08-04 00:00:00
NUE,mapped,pass,774,True,2026-05-13 00:00:00,True,2026-05-13 00:00:00,True,2026-05-13 00:00:00,True,2026-05-13 00:00:00,True,2026-05-13 00:00:00,True,2025-02-27 00:00:00,False,,True,2026-05-13 00:00:00
VTR,mapped,pass,512,True,2026-07-30 00:00:00,True,2026-07-30 00:00:00,True,2026-07-30 00:00:00,True,2026-07-30 00:00:00,True,2026-07-30 00:00:00,False,,False,,False,
TPR,mapped,pass,878,True,2026-05-07 00:00:00,True,2026-05-07 00:00:00,True,2026-05-07 00:00:00,True,2026-05-07 00:00:00,True,2026-05-07 00:00:00,True,2026-05-07 00:00:00,True,2026-05-07 00:00:00,True,2026-05-07 00:00:00
SMR,mapped,pass,500,False,,True,2026-08-05 00:00:00,True,2026-08-05 00:00:00,True,2026-08-05 00:00:00,True,2026-08-05 00:00:00,True,2026-08-05 00:00:00,True,2026-08-05 00:00:00,True,2026-08-05 00:00:00
FISV,mapped,pass,741,True,2026-08-07 00:00:00,True,2026-08-07 00:00:00,True,2026-08-07 00:00:00,True,2026-08-07 00:00:00,True,2026-08-07 00:00:00,False,,True,2026-08-07 00:00:00,True,2026-08-07 00:00:00
ALL,mapped,pass,578,True,2026-08-05 00:00:00,True,2026-08-05 00:00:00,True,2026-08-05 00:00:00,True,2026-08-05 00:00:00,True,2026-08-05 00:00:00,False,,False,,True,2026-08-05 00:00:00
OKTA,mapped,pass,633,False,,True,2026-05-29 00:00:00,True,2026-05-29 00:00:00,True,2026-05-29 00:00:00,True,2026-05-29 00:00:00,True,2026-05-29 00:00:00,True,2026-05-29 00:00:00,True,2026-05-29 00:00:00
RSG,mapped,pass,826,True,2026-08-07 00:00:00,True,2026-08-07 00:00:00,False,,True,2026-08-07 00:00:00,True,2026-08-07 00:00:00,False,,True,2026-08-07 00:00:00,True,2026-08-07 00:00:00
EA,mapped,pass,791,True,2026-08-03 00:00:00,True,2026-08-03 00:00:00,True,2026-08-03 00:00:00,True,2026-08-03 00:00:00,True,2026-08-03 00:00:00,True,2026-08-03 00:00:00,True,2026-08-03 00:00:00,True,2026-08-03 00:00:00
DLTR,mapped,pass,914,True,2026-05-28 00:00:00,True,2026-05-28 00:00:00,True,2026-05-28 00:00:00,True,2026-05-28 00:00:00,True,2026-05-28 00:00:00,True,2026-03-16 00:00:00,True,2026-05-28 00:00:00,True,2026-05-28 00:00:00
O,mapped,pass,606,True,2026-08-06 00:00:00,True,2026-08-06 00:00:00,True,2026-08-06 00:00:00,True,2026-08-06 00:00:00,True,2026-08-06 00:00:00,False,,False,,True,2026-02-25 00:00:00
SWKS,mapped,pass,921,True,2026-07-28 00:00:00,True,2026-07-28 00:00:00,True,2026-07-28 00:00:00,True,2026-07-28 00:00:00,True,2026-07-28 00:00:00,True,2026-07-28 00:00:00,True,2026-07-28 00:00:00,True,2026-07-28 00:00:00
PCAR,mapped,pass,418,True,2026-07-29 00:00:00,True,2026-07-29 00:00:00,False,,True,2026-07-29 00:00:00,True,2026-07-29 00:00:00,False,,False,,True,2026-07-29 00:00:00
GWW,mapped,pass,820,True,2026-08-04 00:00:00,True,2026-08-04 00:00:00,False,,True,2026-08-04 00:00:00,True,2026-08-04 00:00:00,True,2026-08-04 00:00:00,True,2026-08-04 00:00:00,True,2026-08-04 00:00:00
CCJ,mapped,pass,8,True,2026-03-19 00:00:00,False,,False,,False,,False,,False,,False,,False,
HUBS,mapped,pass,817,True,2026-08-05 00:00:00,True,2026-08-05 00:00:00,True,2026-08-05 00:00:00,True,2026-08-05 00:00:00,True,2026-08-05 00:00:00,True,2026-08-05 00:00:00,True,2026-08-05 00:00:00,True,2026-08-05 00:00:00
HBAN,mapped,pass,543,True,2026-04-30 00:00:00,True,2026-04-30 00:00:00,True,2026-04-30 00:00:00,True,2026-04-30 00:00:00,True,2026-04-30 00:00:00,False,,False,,True,2026-04-30 00:00:00
CTAS,mapped,pass,717,True,2026-04-07 00:00:00,True,2026-04-07 00:00:00,False,,True,2026-04-07 00:00:00,True,2026-04-07 00:00:00,True,2026-04-07 00:00:00,True,2026-04-07 00:00:00,True,2026-04-07 00:00:00
MRNA,mapped,pass,648,True,2026-07-31 00:00:00,True,2026-07-31 00:00:00,True,2026-07-31 00:00:00,True,2026-07-31 00:00:00,True,2026-07-31 00:00:00,False,,True,2026-07-31 00:00:00,True,2026-07-31 00:00:00
FITB,mapped,pass,437,True,2026-08-04 00:00:00,True,2026-08-04 00:00:00,True,2026-08-04 00:00:00,True,2026-08-04 00:00:00,False,,False,,False,,True,2026-08-04 00:00:00
JOBY,mapped,pass,443,True,2026-08-06 00:00:00,True,2026-08-06 00:00:00,True,2026-08-06 00:00:00,True,2026-08-06 00:00:00,True,2026-08-06 00:00:00,False,,True,2026-08-06 00:00:00,True,2026-08-06 00:00:00
APD,mapped,pass,753,True,2026-07-30 00:00:00,True,2026-07-30 00:00:00,True,2026-07-30 00:00:00,True,2026-07-30 00:00:00,True,2026-07-30 00:00:00,True,2020-11-19 00:00:00,True,2026-07-30 00:00:00,True,2026-07-30 00:00:00
SITM,mapped,pass,710,True,2026-08-06 00:00:00,True,2026-08-06 00:00:00,True,2026-08-06 00:00:00,True,2026-08-06 00:00:00,True,2026-08-06 00:00:00,True,2026-08-06 00:00:00,True,2026-08-06 00:00:00,True,2026-08-06 00:00:00
CF,mapped,pass,641,True,2026-08-06 00:00:00,True,2026-08-06 00:00:00,False,,True,2026-08-06 00:00:00,True,2026-08-06 00:00:00,True,2026-08-06 00:00:00,True,2026-08-06 00:00:00,False,
INSM,mapped,pass,678,True,2026-08-06 00:00:00,True,2026-08-06 00:00:00,True,2026-08-06 00:00:00,True,2026-08-06 00:00:00,True,2026-08-06 00:00:00,True,2020-10-29 00:00:00,True,2026-08-06 00:00:00,True,2026-08-06 00:00:00
AFRM,mapped,pass,536,False,,True,2026-05-07 00:00:00,True,2026-05-07 00:00:00,True,2026-05-07 00:00:00,True,2026-05-07 00:00:00,False,,True,2026-05-07 00:00:00,True,2026-05-07 00:00:00
SPG,mapped,pass,662,False,,True,2026-05-11 00:00:00,True,2026-05-11 00:00:00,True,2026-05-11 00:00:00,True,2026-05-11 00:00:00,False,,True,2026-05-11 00:00:00,False,
DHI,mapped,pass,623,True,2026-07-23 00:00:00,True,2026-07-23 00:00:00,True,2026-07-23 00:00:00,True,2026-07-23 00:00:00,True,2026-07-23 00:00:00,False,,False,,True,2026-07-23 00:00:00
MOD,mapped,pass,841,True,2026-07-30 00:00:00,True,2026-07-30 00:00:00,True,2026-07-30 00:00:00,True,2026-07-30 00:00:00,True,2026-07-30 00:00:00,True,2026-07-30 00:00:00,True,2026-07-30 00:00:00,True,2026-07-30 00:00:00
KVUE,mapped,pass,344,True,2026-08-06 00:00:00,True,2026-08-06 00:00:00,True,2026-08-06 00:00:00,True,2026-08-06 00:00:00,True,2026-08-06 00:00:00,True,2026-08-06 00:00:00,True,2026-08-06 00:00:00,True,2026-08-06 00:00:00
STT,mapped,pass,629,True,2026-07-30 00:00:00,True,2026-07-30 00:00:00,True,2026-07-30 00:00:00,True,2026-07-30 00:00:00,True,2026-07-30 00:00:00,False,,False,,True,2026-07-30 00:00:00
ONTO,mapped,pass,784,True,2026-08-06 00:00:00,True,2026-08-06 00:00:00,True,2026-08-06 00:00:00,True,2026-08-06 00:00:00,True,2026-08-06 00:00:00,True,2026-08-06 00:00:00,True,2026-08-06 00:00:00,True,2026-08-06 00:00:00
CCI,mapped,pass,736,True,2026-08-05 00:00:00,True,2026-08-05 00:00:00,True,2026-08-05 00:00:00,True,2026-08-05 00:00:00,True,2026-08-05 00:00:00,False,,True,2026-08-05 00:00:00,True,2026-08-05 00:00:00
ALNY,mapped,pass,703,True,2026-07-30 00:00:00,True,2026-07-30 00:00:00,True,2026-07-30 00:00:00,True,2026-07-30 00:00:00,True,2026-07-30 00:00:00,False,,True,2026-07-30 00:00:00,True,2026-07-30 00:00:00
PINS,mapped,pass,561,False,,True,2026-08-04 00:00:00,True,2026-08-04 00:00:00,True,2026-08-04 00:00:00,True,2026-08-04 00:00:00,False,,True,2026-08-04 00:00:00,True,2026-08-04 00:00:00
HL,mapped,pass,651,True,2026-08-04 00:00:00,True,2026-08-04 00:00:00,True,2026-08-04 00:00:00,True,2026-08-04 00:00:00,False,,True,2026-08-04 00:00:00,True,2026-08-04 00:00:00,True,2026-08-04 00:00:00
HUBB,mapped,pass,774,True,2026-05-01 00:00:00,True,2026-05-01 00:00:00,True,2026-05-01 00:00:00,True,2026-05-01 00:00:00,True,2026-05-01 00:00:00,True,2026-05-01 00:00:00,True,2026-05-01 00:00:00,True,2026-05-01 00:00:00
SRE,mapped,pass,535,True,2026-05-07 00:00:00,True,2026-05-07 00:00:00,False,,True,2026-05-07 00:00:00,True,2026-05-07 00:00:00,False,,False,,True,2026-05-07 00:00:00
CORZ,mapped,pass,571,True,2026-07-28 00:00:00,True,2026-07-28 00:00:00,True,2026-07-28 00:00:00,True,2026-07-28 00:00:00,True,2026-07-28 00:00:00,True,2026-07-28 00:00:00,True,2026-07-28 00:00:00,True,2026-07-28 00:00:00
FERG,mapped,pass,161,True,2026-08-10 00:00:00,True,2026-08-10 00:00:00,True,2026-08-10 00:00:00,True,2026-08-10 00:00:00,True,2026-08-10 00:00:00,True,2026-08-10 00:00:00,True,2026-08-10 00:00:00,True,2026-08-10 00:00:00
GIS,mapped,pass,862,True,2026-07-01 00:00:00,True,2026-07-01 00:00:00,True,2026-07-01 00:00:00,True,2026-07-01 00:00:00,True,2026-07-01 00:00:00,True,2026-07-01 00:00:00,True,2026-07-01 00:00:00,True,2026-07-01 00:00:00
KHC,mapped,pass,770,True,2026-08-05 00:00:00,True,2026-08-05 00:00:00,True,2026-08-05 00:00:00,True,2026-08-05 00:00:00,False,,True,2026-08-05 00:00:00,True,2026-08-05 00:00:00,True,2026-08-05 00:00:00
NSC,mapped,pass,728,True,2026-07-23 00:00:00,True,2026-07-23 00:00:00,True,2026-07-23 00:00:00,True,2026-07-23 00:00:00,True,2026-07-23 00:00:00,False,,True,2026-07-23 00:00:00,True,2026-07-23 00:00:00
VSH,mapped,pass,829,False,,True,2026-08-05 00:00:00,True,2026-08-05 00:00:00,True,2026-08-05 00:00:00,True,2026-08-05 00:00:00,True,2026-08-05 00:00:00,True,2026-08-05 00:00:00,True,2026-08-05 00:00:00
NVT,mapped,pass,781,True,2026-07-31 00:00:00,True,2026-07-31 00:00:00,True,2026-07-31 00:00:00,True,2026-07-31 00:00:00,True,2026-07-31 00:00:00,True,2026-07-31 00:00:00,True,2026-07-31 00:00:00,True,2026-07-31 00:00:00
RMBS,mapped,pass,691,True,2026-04-28 00:00:00,True,2026-04-28 00:00:00,True,2026-04-28 00:00:00,True,2026-04-28 00:00:00,False,,True,2026-04-28 00:00:00,True,2026-04-28 00:00:00,True,2026-04-28 00:00:00
PPL,mapped,pass,681,True,2026-05-08 00:00:00,True,2026-05-08 00:00:00,False,,True,2026-05-08 00:00:00,True,2026-05-08 00:00:00,False,,True,2026-05-08 00:00:00,True,2026-05-08 00:00:00
CLSK,mapped,pass,662,True,2026-08-06 00:00:00,True,2026-08-06 00:00:00,True,2026-08-06 00:00:00,True,2026-08-06 00:00:00,True,2025-11-25 00:00:00,True,2021-02-12 00:00:00,True,2026-08-06 00:00:00,True,2026-08-06 00:00:00
AA,mapped,pass,610,True,2026-07-30 00:00:00,True,2026-07-30 00:00:00,True,2026-07-30 00:00:00,True,2026-07-30 00:00:00,True,2026-07-30 00:00:00,False,,False,,True,2026-07-30 00:00:00
VMC,mapped,pass,867,True,2026-04-29 00:00:00,True,2026-04-29 00:00:00,True,2026-04-29 00:00:00,True,2026-04-29 00:00:00,True,2026-04-29 00:00:00,True,2026-04-29 00:00:00,True,2026-04-29 00:00:00,True,2026-04-29 00:00:00
ROK,mapped,pass,668,True,2026-08-04 00:00:00,True,2026-08-04 00:00:00,False,,True,2026-08-04 00:00:00,True,2026-08-04 00:00:00,True,2026-08-04 00:00:00,True,2026-08-04 00:00:00,True,2026-08-04 00:00:00
KMI,mapped,pass,769,True,2026-07-24 00:00:00,True,2026-07-24 00:00:00,True,2026-07-24 00:00:00,True,2026-07-24 00:00:00,True,2026-07-24 00:00:00,False,,True,2026-07-24 00:00:00,True,2026-07-24 00:00:00
CRS,mapped,pass,759,True,2026-04-29 00:00:00,True,2026-04-29 00:00:00,True,2026-04-29 00:00:00,True,2026-04-29 00:00:00,True,2026-04-29 00:00:00,True,2026-04-29 00:00:00,True,2026-04-29 00:00:00,True,2026-04-29 00:00:00
CNC,mapped,pass,864,True,2026-07-28 00:00:00,True,2026-07-28 00:00:00,True,2026-07-28 00:00:00,True,2026-07-28 00:00:00,True,2026-07-28 00:00:00,True,2026-07-28 00:00:00,True,2026-07-28 00:00:00,True,2026-07-28 00:00:00
ROKU,mapped,pass,742,False,,True,2026-08-06 00:00:00,True,2026-08-06 00:00:00,True,2026-08-06 00:00:00,True,2026-08-06 00:00:00,True,2026-08-06 00:00:00,True,2026-08-06 00:00:00,True,2026-08-06 00:00:00
EME,mapped,pass,827,True,2026-07-30 00:00:00,True,2026-07-30 00:00:00,True,2026-07-30 00:00:00,True,2026-07-30 00:00:00,True,2026-07-30 00:00:00,True,2026-07-30 00:00:00,True,2026-07-30 00:00:00,True,2026-07-30 00:00:00
MLM,mapped,pass,803,True,2026-07-30 00:00:00,True,2026-07-30 00:00:00,True,2026-07-30 00:00:00,True,2026-07-30 00:00:00,True,2026-07-30 00:00:00,True,2026-07-30 00:00:00,True,2026-07-30 00:00:00,True,2026-07-30 00:00:00
ARES,mapped,pass,681,True,2019-05-06 00:00:00,True,2026-08-07 00:00:00,True,2026-08-07 00:00:00,True,2026-08-07 00:00:00,True,2026-08-07 00:00:00,False,,False,,True,2026-08-07 00:00:00
FAST,mapped,pass,660,True,2026-07-16 00:00:00,True,2026-07-16 00:00:00,False,,True,2026-07-16 00:00:00,True,2026-07-16 00:00:00,True,2026-07-16 00:00:00,True,2026-07-16 00:00:00,True,2026-07-16 00:00:00
ENPH,mapped,pass,728,True,2026-04-28 00:00:00,True,2026-04-28 00:00:00,True,2026-04-28 00:00:00,True,2026-04-28 00:00:00,True,2026-04-28 00:00:00,True,2026-04-28 00:00:00,True,2026-04-28 00:00:00,True,2026-04-28 00:00:00
WAT,mapped,pass,669,True,2026-05-12 00:00:00,True,2026-05-12 00:00:00,True,2026-05-12 00:00:00,True,2026-05-12 00:00:00,True,2026-05-12 00:00:00,False,,True,2026-05-12 00:00:00,True,2026-05-12 00:00:00
NTRA,mapped,pass,658,True,2026-08-07 00:00:00,True,2026-08-07 00:00:00,True,2026-08-07 00:00:00,True,2026-08-07 00:00:00,True,2026-08-07 00:00:00,True,2025-11-07 00:00:00,True,2026-08-07 00:00:00,True,2026-08-07 00:00:00
OKE,mapped,pass,599,True,2026-08-04 00:00:00,True,2026-08-04 00:00:00,False,,True,2026-08-04 00:00:00,True,2026-08-04 00:00:00,False,,True,2026-08-04 00:00:00,True,2026-08-04 00:00:00
QXO,mapped,pass,650,True,2026-05-12 00:00:00,True,2026-05-12 00:00:00,True,2026-05-12 00:00:00,True,2026-05-12 00:00:00,True,2026-05-12 00:00:00,True,2026-05-12 00:00:00,True,2026-05-12 00:00:00,True,2026-05-12 00:00:00
NDAQ,mapped,pass,712,True,2026-07-23 00:00:00,True,2026-07-23 00:00:00,True,2026-07-23 00:00:00,True,2026-07-23 00:00:00,True,2026-07-23 00:00:00,True,2026-07-23 00:00:00,True,2026-07-23 00:00:00,True,2026-07-23 00:00:00
PCG,mapped,pass,536,True,2026-07-23 00:00:00,True,2026-07-23 00:00:00,False,,True,2026-07-23 00:00:00,True,2026-07-23 00:00:00,False,,True,2026-07-23 00:00:00,True,2021-11-01 00:00:00
PAYX,mapped,pass,655,True,2026-07-17 00:00:00,True,2026-07-17 00:00:00,True,2026-07-17 00:00:00,True,2026-07-17 00:00:00,True,2026-07-17 00:00:00,False,,True,2026-07-17 00:00:00,True,2026-07-17 00:00:00
CFG,mapped,pass,602,True,2026-08-03 00:00:00,True,2026-08-03 00:00:00,True,2026-08-03 00:00:00,True,2026-08-03 00:00:00,True,2026-08-03 00:00:00,False,,False,,True,2026-08-03 00:00:00
TEM,mapped,pass,172,False,,True,2026-07-30 00:00:00,True,2026-07-30 00:00:00,True,2026-07-30 00:00:00,True,2026-07-30 00:00:00,False,,True,2026-07-30 00:00:00,True,2026-07-30 00:00:00
EXE,mapped,pass,706,True,2026-04-28 00:00:00,True,2026-04-28 00:00:00,True,2026-04-28 00:00:00,True,2026-04-28 00:00:00,True,2026-04-28 00:00:00,False,,True,2026-04-28 00:00:00,True,2026-04-28 00:00:00
STZ,mapped,pass,836,False,,True,2026-07-01 00:00:00,True,2026-07-01 00:00:00,True,2026-07-01 00:00:00,True,2026-07-01 00:00:00,True,2026-07-01 00:00:00,True,2026-07-01 00:00:00,True,2026-07-01 00:00:00
YUM,mapped,pass,659,True,2026-08-05 00:00:00,True,2026-08-05 00:00:00,True,2026-08-05 00:00:00,True,2026-08-05 00:00:00,True,2026-08-05 00:00:00,False,,True,2026-08-05 00:00:00,True,2026-08-05 00:00:00
TRGP,mapped,pass,745,True,2026-08-06 00:00:00,True,2026-08-06 00:00:00,False,,True,2026-08-06 00:00:00,True,2026-08-06 00:00:00,True,2020-02-20 00:00:00,True,2026-08-06 00:00:00,True,2026-08-06 00:00:00
CPRT,mapped,pass,577,True,2026-05-29 00:00:00,True,2026-05-29 00:00:00,True,2026-05-29 00:00:00,True,2026-05-29 00:00:00,True,2020-09-28 00:00:00,True,2020-09-28 00:00:00,True,2026-05-29 00:00:00,True,2026-05-29 00:00:00
PBR,mapped,pass,8,True,2026-04-09 00:00:00,False,,False,,False,,False,,False,,False,,False,
TOST,mapped,pass,440,False,,True,2026-08-05 00:00:00,True,2026-08-05 00:00:00,True,2026-08-05 00:00:00,True,2026-08-05 00:00:00,True,2026-08-05 00:00:00,True,2026-08-05 00:00:00,True,2026-08-05 00:00:00
RF,mapped,pass,508,True,2026-08-06 00:00:00,True,2026-08-06 00:00:00,True,2026-08-06 00:00:00,True,2026-08-06 00:00:00,False,,False,,True,2026-02-24 00:00:00,True,2026-08-06 00:00:00
LSCC,mapped,pass,784,True,2026-08-04 00:00:00,True,2026-08-04 00:00:00,True,2026-08-04 00:00:00,True,2026-08-04 00:00:00,True,2026-08-04 00:00:00,True,2026-08-04 00:00:00,True,2026-08-04 00:00:00,True,2026-08-04 00:00:00
GEHC,mapped,pass,320,True,2026-04-29 00:00:00,True,2026-04-29 00:00:00,True,2026-04-29 00:00:00,True,2026-04-29 00:00:00,True,2026-04-29 00:00:00,True,2026-04-29 00:00:00,True,2026-04-29 00:00:00,True,2026-04-29 00:00:00
IR,mapped,pass,749,True,2026-07-31 00:00:00,True,2026-07-31 00:00:00,True,2026-07-31 00:00:00,True,2026-07-31 00:00:00,True,2026-07-31 00:00:00,True,2026-07-31 00:00:00,True,2026-07-31 00:00:00,True,2026-07-31 00:00:00
ATI,mapped,pass,875,True,2026-08-06 00:00:00,True,2026-08-06 00:00:00,True,2026-08-06 00:00:00,True,2026-08-06 00:00:00,True,2026-08-06 00:00:00,True,2026-08-06 00:00:00,True,2026-08-06 00:00:00,True,2026-08-06 00:00:00
WWD,mapped,pass,554,True,2026-07-30 00:00:00,True,2026-07-30 00:00:00,True,2026-07-30 00:00:00,True,2026-07-30 00:00:00,True,2026-07-30 00:00:00,False,,False,,True,2026-07-30 00:00:00
RMD,mapped,pass,764,True,2026-05-01 00:00:00,True,2026-05-01 00:00:00,True,2026-05-01 00:00:00,True,2026-05-01 00:00:00,True,2026-05-01 00:00:00,True,2026-05-01 00:00:00,True,2026-05-01 00:00:00,True,2026-05-01 00:00:00
VIAV,mapped,pass,770,True,2026-04-30 00:00:00,True,2026-04-30 00:00:00,True,2026-04-30 00:00:00,True,2026-04-30 00:00:00,True,2026-04-30 00:00:00,True,2026-04-30 00:00:00,True,2026-04-30 00:00:00,True,2026-04-30 00:00:00
AMP,mapped,pass,606,True,2026-08-04 00:00:00,True,2026-08-04 00:00:00,True,2026-08-04 00:00:00,True,2026-08-04 00:00:00,True,2026-08-04 00:00:00,False,,False,,True,2026-08-04 00:00:00
CTVA,mapped,pass,590,True,2026-07-31 00:00:00,True,2026-07-31 00:00:00,False,,True,2026-07-31 00:00:00,True,2026-07-31 00:00:00,False,,False,,True,2026-07-31 00:00:00
IQV,mapped,pass,774,True,2026-05-05 00:00:00,True,2026-05-05 00:00:00,True,2026-05-05 00:00:00,True,2026-05-05 00:00:00,True,2026-05-05 00:00:00,True,2024-10-31 00:00:00,True,2026-05-05 00:00:00,True,2026-05-05 00:00:00
FTI,mapped,pass,719,True,2026-07-30 00:00:00,True,2026-07-30 00:00:00,True,2026-07-30 00:00:00,True,2026-07-30 00:00:00,True,2026-07-30 00:00:00,False,,True,2026-07-30 00:00:00,True,2026-07-30 00:00:00
LUV,mapped,pass,635,True,2026-07-23 00:00:00,True,2026-07-23 00:00:00,False,,True,2026-07-23 00:00:00,True,2026-07-23 00:00:00,False,,True,2026-07-23 00:00:00,True,2026-07-23 00:00:00
ILMN,mapped,pass,834,True,2026-07-31 00:00:00,True,2026-07-31 00:00:00,False,,True,2026-07-31 00:00:00,True,2026-07-31 00:00:00,True,2026-07-31 00:00:00,True,2026-07-31 00:00:00,True,2026-07-31 00:00:00
MET,mapped,pass,754,True,2026-08-06 00:00:00,True,2026-08-06 00:00:00,True,2026-08-06 00:00:00,True,2026-08-06 00:00:00,True,2026-08-06 00:00:00,False,,True,2026-08-06 00:00:00,True,2026-08-06 00:00:00
A,mapped,pass,564,True,2026-06-01 00:00:00,True,2026-06-01 00:00:00,True,2026-06-01 00:00:00,True,2026-06-01 00:00:00,True,2026-06-01 00:00:00,False,,True,2026-06-01 00:00:00,True,2026-06-01 00:00:00
OMC,mapped,pass,585,True,2026-04-29 00:00:00,True,2026-04-29 00:00:00,False,,True,2026-04-29 00:00:00,True,2026-04-29 00:00:00,False,,True,2026-04-29 00:00:00,True,2026-04-29 00:00:00
SYY,mapped,pass,707,True,2026-04-29 00:00:00,True,2026-04-29 00:00:00,False,,True,2026-04-29 00:00:00,True,2026-04-29 00:00:00,True,2026-04-29 00:00:00,True,2026-04-29 00:00:00,True,2026-04-29 00:00:00
CBRE,mapped,pass,795,True,2026-07-29 00:00:00,True,2026-07-29 00:00:00,True,2026-07-29 00:00:00,True,2026-07-29 00:00:00,True,2026-07-29 00:00:00,False,,True,2026-07-29 00:00:00,True,2026-07-29 00:00:00
EFX,mapped,pass,743,True,2026-07-21 00:00:00,True,2026-07-21 00:00:00,True,2026-07-21 00:00:00,True,2026-07-21 00:00:00,True,2026-07-21 00:00:00,False,,True,2026-07-21 00:00:00,True,2026-07-21 00:00:00
EL,mapped,pass,578,False,,True,2026-05-01 00:00:00,True,2021-08-27 00:00:00,True,2026-05-01 00:00:00,True,2026-05-01 00:00:00,True,2026-05-01 00:00:00,True,2026-05-01 00:00:00,True,2026-05-01 00:00:00
FTAI,mapped,pass,559,True,2026-07-31 00:00:00,True,2026-07-31 00:00:00,True,2026-07-31 00:00:00,True,2026-07-31 00:00:00,True,2026-07-31 00:00:00,False,,False,,True,2022-11-17 00:00:00
XPO,mapped,pass,709,True,2026-07-30 00:00:00,True,2026-07-30 00:00:00,False,,True,2026-07-30 00:00:00,True,2026-07-30 00:00:00,False,,True,2026-07-30 00:00:00,True,2026-07-30 00:00:00
ADM,mapped,pass,832,True,2026-08-04 00:00:00,True,2026-08-04 00:00:00,False,,True,2026-08-04 00:00:00,True,2026-08-04 00:00:00,True,2026-08-04 00:00:00,False,,True,2026-08-04 00:00:00
AEIS,mapped,pass,820,True,2026-08-03 00:00:00,True,2026-08-03 00:00:00,True,2026-08-03 00:00:00,True,2026-08-03 00:00:00,True,2026-08-03 00:00:00,True,2026-08-03 00:00:00,True,2026-08-03 00:00:00,True,2025-08-05 00:00:00
BBY,mapped,pass,768,True,2026-06-05 00:00:00,True,2026-06-05 00:00:00,False,,True,2026-06-05 00:00:00,True,2026-03-18 00:00:00,True,2026-06-05 00:00:00,True,2026-06-05 00:00:00,True,2026-06-05 00:00:00
DKNG,mapped,pass,334,False,,True,2026-08-07 00:00:00,True,2026-08-07 00:00:00,True,2026-08-07 00:00:00,True,2026-08-07 00:00:00,False,,True,2026-08-07 00:00:00,True,2026-08-07 00:00:00
TLN,mapped,pass,243,True,2026-08-05 00:00:00,True,2026-08-05 00:00:00,True,2026-08-05 00:00:00,True,2026-08-05 00:00:00,True,2026-08-05 00:00:00,False,,True,2026-08-05 00:00:00,True,2026-08-05 00:00:00
STLD,mapped,pass,856,True,2026-07-28 00:00:00,True,2026-07-28 00:00:00,True,2026-07-28 00:00:00,True,2026-07-28 00:00:00,True,2026-07-28 00:00:00,True,2026-07-28 00:00:00,True,2026-07-28 00:00:00,True,2026-07-28 00:00:00
AIG,mapped,pass,629,True,2026-08-07 00:00:00,True,2026-08-07 00:00:00,True,2026-08-07 00:00:00,True,2026-08-07 00:00:00,True,2026-08-07 00:00:00,False,,False,,True,2026-02-12 00:00:00
NXT,mapped,pass,344,True,2024-02-07 00:00:00,True,2026-08-03 00:00:00,True,2026-08-03 00:00:00,True,2026-08-03 00:00:00,True,2026-08-03 00:00:00,True,2026-08-03 00:00:00,True,2026-08-03 00:00:00,True,2026-08-03 00:00:00
OTIS,mapped,pass,587,True,2026-07-23 00:00:00,True,2026-07-23 00:00:00,True,2026-07-23 00:00:00,True,2026-07-23 00:00:00,True,2026-07-23 00:00:00,True,2021-02-05 00:00:00,True,2026-07-23 00:00:00,True,2026-07-23 00:00:00
KNX,mapped,pass,696,True,2026-04-29 00:00:00,True,2026-04-29 00:00:00,True,2026-04-29 00:00:00,True,2026-04-29 00:00:00,True,2026-04-29 00:00:00,False,,True,2026-04-29 00:00:00,True,2026-04-29 00:00:00
PSA,mapped,pass,602,True,2026-07-29 00:00:00,True,2026-07-29 00:00:00,True,2026-07-29 00:00:00,True,2026-07-29 00:00:00,True,2026-07-29 00:00:00,True,2019-07-30 00:00:00,True,2026-07-29 00:00:00,True,2026-07-29 00:00:00
CHRW,mapped,pass,746,True,2026-07-31 00:00:00,True,2026-07-31 00:00:00,True,2026-07-31 00:00:00,True,2026-07-31 00:00:00,True,2026-07-31 00:00:00,False,,True,2026-07-31 00:00:00,True,2026-07-31 00:00:00
LPLA,mapped,pass,541,True,2026-08-03 00:00:00,True,2026-08-03 00:00:00,True,2026-08-03 00:00:00,True,2026-08-03 00:00:00,True,2026-08-03 00:00:00,False,,False,,True,2026-08-03 00:00:00
FLUT,mapped,pass,198,True,2026-08-05 00:00:00,True,2026-08-05 00:00:00,True,2026-08-05 00:00:00,True,2026-08-05 00:00:00,True,2024-08-13 00:00:00,True,2026-08-05 00:00:00,True,2026-08-05 00:00:00,True,2024-05-14 00:00:00
SYF,mapped,pass,483,True,2026-07-23 00:00:00,True,2026-07-23 00:00:00,True,2026-07-23 00:00:00,True,2026-07-23 00:00:00,False,,False,,False,,True,2026-07-23 00:00:00
CELH,mapped,pass,760,True,2026-08-06 00:00:00,True,2026-08-06 00:00:00,True,2026-08-06 00:00:00,True,2026-08-06 00:00:00,True,2026-08-06 00:00:00,True,2026-08-06 00:00:00,True,2026-08-06 00:00:00,True,2026-08-06 00:00:00
AFL,mapped,pass,666,True,2026-08-07 00:00:00,True,2026-08-07 00:00:00,True,2026-08-07 00:00:00,True,2026-08-07 00:00:00,True,2026-08-07 00:00:00,False,,True,2023-11-02 00:00:00,True,2026-08-07 00:00:00
DPZ,mapped,pass,621,True,2026-07-20 00:00:00,True,2026-07-20 00:00:00,True,2026-02-23 00:00:00,True,2026-07-20 00:00:00,True,2026-07-20 00:00:00,True,2026-07-20 00:00:00,True,2026-07-20 00:00:00,True,2026-07-20 00:00:00
RY,mapped,pass,7,True,2025-12-03 00:00:00,False,,False,,False,,False,,False,,False,,False,
AME,mapped,pass,553,True,2026-08-04 00:00:00,True,2026-08-04 00:00:00,True,2026-08-04 00:00:00,True,2026-08-04 00:00:00,True,2026-08-04 00:00:00,False,,True,2026-08-04 00:00:00,True,2026-08-04 00:00:00
VIK,mapped,pass,0,False,,False,,False,,False,,False,,False,,False,,False,
GH,mapped,pass,581,True,2026-07-30 00:00:00,True,2026-07-30 00:00:00,True,2026-07-30 00:00:00,True,2026-07-30 00:00:00,True,2026-07-30 00:00:00,False,,True,2026-07-30 00:00:00,True,2026-07-30 00:00:00
WCN,mapped,pass,866,True,2026-07-23 00:00:00,True,2026-07-23 00:00:00,True,2026-07-23 00:00:00,True,2026-07-23 00:00:00,True,2026-07-23 00:00:00,False,,True,2026-07-23 00:00:00,True,2026-02-12 00:00:00
WPM,mapped,pass,8,True,2026-03-31 00:00:00,False,,False,,False,,False,,False,,False,,False,
TE,mapped,pass,195,True,2026-05-12 00:00:00,True,2026-05-12 00:00:00,True,2026-05-12 00:00:00,True,2026-05-12 00:00:00,True,2026-05-12 00:00:00,True,2026-05-12 00:00:00,True,2026-05-12 00:00:00,True,2024-11-12 00:00:00
KEY,mapped,pass,596,True,2026-08-04 00:00:00,True,2026-08-04 00:00:00,True,2026-08-04 00:00:00,True,2026-08-04 00:00:00,True,2026-08-04 00:00:00,False,,False,,True,2026-08-04 00:00:00
QSR,mapped,pass,672,True,2024-04-30 00:00:00,True,2026-08-06 00:00:00,True,2026-08-06 00:00:00,True,2026-08-06 00:00:00,True,2026-08-06 00:00:00,False,,True,2026-08-06 00:00:00,True,2021-02-23 00:00:00
GPN,mapped,pass,723,True,2026-08-05 00:00:00,True,2026-08-05 00:00:00,True,2026-08-05 00:00:00,True,2026-08-05 00:00:00,True,2026-08-05 00:00:00,False,,True,2026-08-05 00:00:00,True,2026-08-05 00:00:00
WST,mapped,pass,786,True,2026-07-23 00:00:00,True,2026-07-23 00:00:00,True,2026-07-23 00:00:00,True,2026-07-23 00:00:00,True,2026-07-23 00:00:00,True,2026-07-23 00:00:00,True,2026-07-23 00:00:00,True,2026-07-23 00:00:00
TKO,mapped,pass,267,False,,True,2026-08-03 00:00:00,True,2026-08-03 00:00:00,True,2026-08-03 00:00:00,True,2026-08-03 00:00:00,False,,True,2026-08-03 00:00:00,True,2026-08-03 00:00:00
W,mapped,pass,698,False,,True,2026-08-04 00:00:00,True,2026-08-04 00:00:00,True,2026-08-04 00:00:00,True,2026-08-04 00:00:00,True,2026-08-04 00:00:00,True,2026-08-04 00:00:00,True,2026-08-04 00:00:00
RIO,mapped,pass,9,True,2026-02-19 00:00:00,False,,False,,False,,False,,False,,False,,False,
BB,mapped,pass,611,True,2026-06-25 00:00:00,True,2026-06-25 00:00:00,True,2026-06-25 00:00:00,True,2026-06-25 00:00:00,True,2026-06-25 00:00:00,True,2026-06-25 00:00:00,True,2026-06-25 00:00:00,True,2026-06-25 00:00:00
AU,mapped,pass,3,True,2026-03-26 00:00:00,False,,False,,False,,False,,False,,False,,False,
FIS,mapped,pass,895,True,2026-08-04 00:00:00,True,2026-08-04 00:00:00,True,2026-08-04 00:00:00,True,2026-08-04 00:00:00,True,2026-08-04 00:00:00,True,2026-08-04 00:00:00,True,2026-08-04 00:00:00,True,2026-08-04 00:00:00
THC,mapped,pass,621,True,2026-07-29 00:00:00,True,2026-07-29 00:00:00,True,2026-07-29 00:00:00,True,2026-07-29 00:00:00,True,2026-07-29 00:00:00,False,,True,2026-07-29 00:00:00,False,
AWK,mapped,pass,680,True,2026-07-29 00:00:00,True,2026-07-29 00:00:00,False,,True,2026-07-29 00:00:00,True,2026-07-29 00:00:00,False,,True,2026-07-29 00:00:00,True,2026-07-29 00:00:00
CP,mapped,pass,839,True,2026-07-30 00:00:00,True,2026-07-30 00:00:00,True,2026-07-30 00:00:00,True,2026-07-30 00:00:00,True,2026-07-30 00:00:00,False,,True,2026-07-30 00:00:00,True,2026-07-30 00:00:00
CLX,mapped,pass,716,True,2026-04-30 00:00:00,True,2026-04-30 00:00:00,True,2026-04-30 00:00:00,True,2026-04-30 00:00:00,True,2026-04-30 00:00:00,True,2026-04-30 00:00:00,False,,True,2026-04-30 00:00:00
USFD,mapped,pass,815,True,2026-08-06 00:00:00,True,2026-08-06 00:00:00,True,2026-08-06 00:00:00,True,2026-08-06 00:00:00,True,2026-08-06 00:00:00,True,2026-08-06 00:00:00,True,2026-08-06 00:00:00,True,2026-08-06 00:00:00
SCCO,mapped,pass,597,True,2026-07-31 00:00:00,True,2026-07-31 00:00:00,False,,True,2026-07-31 00:00:00,True,2026-07-31 00:00:00,True,2020-02-28 00:00:00,True,2026-07-31 00:00:00,False,
FFIV,mapped,pass,711,True,2026-08-06 00:00:00,True,2026-08-06 00:00:00,True,2019-11-15 00:00:00,True,2026-08-06 00:00:00,True,2026-08-06 00:00:00,True,2026-08-06 00:00:00,True,2026-08-06 00:00:00,True,2026-08-06 00:00:00
RL,mapped,pass,676,False,,True,2026-08-06 00:00:00,True,2026-08-06 00:00:00,True,2026-08-06 00:00:00,True,2026-08-06 00:00:00,True,2026-08-06 00:00:00,True,2026-08-06 00:00:00,True,2026-08-06 00:00:00
DKS,mapped,pass,601,False,,True,2026-06-04 00:00:00,False,,True,2026-06-04 00:00:00,True,2026-06-04 00:00:00,True,2026-06-04 00:00:00,True,2026-06-04 00:00:00,True,2026-06-04 00:00:00
CNP,mapped,pass,621,True,2026-04-23 00:00:00,True,2026-04-23 00:00:00,False,,True,2026-04-23 00:00:00,True,2026-04-23 00:00:00,False,,True,2026-04-23 00:00:00,True,2026-04-23 00:00:00
KTOS,mapped,pass,813,True,2026-08-04 00:00:00,True,2026-08-04 00:00:00,True,2026-08-04 00:00:00,True,2026-08-04 00:00:00,True,2026-08-04 00:00:00,True,2026-08-04 00:00:00,True,2026-08-04 00:00:00,True,2026-08-04 00:00:00
ATO,mapped,pass,648,True,2026-08-05 00:00:00,True,2026-08-05 00:00:00,False,,True,2026-08-05 00:00:00,True,2026-08-05 00:00:00,False,,True,2026-08-05 00:00:00,True,2026-08-05 00:00:00
FIVE,mapped,pass,930,True,2026-06-04 00:00:00,True,2026-06-04 00:00:00,True,2026-06-04 00:00:00,True,2026-06-04 00:00:00,True,2026-06-04 00:00:00,True,2023-11-30 00:00:00,True,2026-06-04 00:00:00,True,2026-06-04 00:00:00
CAVA,mapped,pass,258,True,2026-05-20 00:00:00,True,2026-05-20 00:00:00,True,2026-05-20 00:00:00,True,2026-05-20 00:00:00,True,2026-05-20 00:00:00,True,2024-11-13 00:00:00,True,2026-05-20 00:00:00,True,2026-05-20 00:00:00
WEC,mapped,pass,506,True,2026-08-04 00:00:00,True,2026-08-04 00:00:00,False,,True,2026-08-04 00:00:00,True,2026-08-04 00:00:00,False,,True,2026-08-04 00:00:00,False,
CDW,mapped,pass,746,True,2026-08-05 00:00:00,True,2026-08-05 00:00:00,True,2019-02-27 00:00:00,True,2026-08-05 00:00:00,True,2026-08-05 00:00:00,True,2026-08-05 00:00:00,True,2026-08-05 00:00:00,True,2026-08-05 00:00:00
SU,mapped,pass,8,True,2026-02-26 00:00:00,False,,False,,False,,False,,False,,False,,False,
CMS,mapped,pass,805,True,2026-07-28 00:00:00,True,2026-07-28 00:00:00,False,,True,2026-07-28 00:00:00,True,2026-07-28 00:00:00,False,,True,2026-07-28 00:00:00,True,2026-07-28 00:00:00
PAAS,mapped,pass,8,True,2026-02-18 00:00:00,False,,False,,False,,False,,False,,False,,False,
BTI,mapped,pass,8,True,2026-02-13 00:00:00,False,,False,,False,,False,,False,,False,,False,
RBRK,mapped,pass,192,False,,True,2026-06-05 00:00:00,True,2026-06-05 00:00:00,True,2026-06-05 00:00:00,True,2026-06-05 00:00:00,True,2026-06-05 00:00:00,True,2026-06-05 00:00:00,True,2026-06-05 00:00:00
OWL,mapped,pass,381,False,,True,2026-07-31 00:00:00,True,2026-07-31 00:00:00,True,2026-07-31 00:00:00,True,2026-07-31 00:00:00,False,,True,2021-05-17 00:00:00,True,2026-07-31 00:00:00
TD,mapped,pass,7,True,2025-12-04 00:00:00,False,,False,,False,,False,,False,,False,,False,
KGC,mapped,pass,8,True,2026-03-26 00:00:00,False,,False,,False,,False,,False,,False,,False,
JBHT,mapped,pass,513,True,2026-07-24 00:00:00,True,2026-07-24 00:00:00,True,2026-02-24 00:00:00,True,2026-07-24 00:00:00,False,,False,,True,2026-07-24 00:00:00,True,2026-07-24 00:00:00
FORM,mapped,pass,775,True,2026-08-04 00:00:00,True,2026-08-04 00:00:00,True,2026-08-04 00:00:00,True,2026-08-04 00:00:00,True,2026-08-04 00:00:00,True,2026-08-04 00:00:00,True,2026-08-04 00:00:00,True,2026-08-04 00:00:00
ED,mapped,pass,705,True,2026-05-07 00:00:00,True,2026-05-07 00:00:00,False,,True,2026-05-07 00:00:00,True,2026-05-07 00:00:00,False,,True,2026-05-07 00:00:00,True,2026-05-07 00:00:00
VICI,mapped,pass,667,True,2026-07-29 00:00:00,True,2026-07-29 00:00:00,True,2026-07-29 00:00:00,True,2026-07-29 00:00:00,True,2026-07-29 00:00:00,False,,True,2021-02-18 00:00:00,True,2026-07-29 00:00:00
MTB,mapped,pass,469,True,2026-08-04 00:00:00,True,2026-08-04 00:00:00,True,2026-08-04 00:00:00,True,2026-08-04 00:00:00,True,2026-08-04 00:00:00,False,,False,,True,2026-08-04 00:00:00
NVS,mapped,pass,10,True,2026-02-04 00:00:00,False,,False,,False,,False,,False,,False,,False,
PEG,mapped,pass,587,True,2026-08-04 00:00:00,True,2026-08-04 00:00:00,False,,True,2026-08-04 00:00:00,True,2026-08-04 00:00:00,False,,True,2026-08-04 00:00:00,True,2026-08-04 00:00:00
WSM,mapped,pass,816,True,2026-05-22 00:00:00,True,2026-05-22 00:00:00,True,2026-05-22 00:00:00,True,2026-05-22 00:00:00,True,2026-05-22 00:00:00,True,2026-05-22 00:00:00,True,2026-05-22 00:00:00,True,2026-05-22 00:00:00
CSGP,mapped,pass,864,True,2026-07-29 00:00:00,True,2026-07-29 00:00:00,True,2026-07-29 00:00:00,True,2026-07-29 00:00:00,True,2026-07-29 00:00:00,True,2026-07-29 00:00:00,True,2026-07-29 00:00:00,True,2026-07-29 00:00:00
ZBRA,mapped,pass,823,True,2026-08-04 00:00:00,True,2026-08-04 00:00:00,True,2026-08-04 00:00:00,True,2026-08-04 00:00:00,True,2026-08-04 00:00:00,True,2026-08-04 00:00:00,True,2026-08-04 00:00:00,True,2026-08-04 00:00:00
