risk_anchor,exposure_policy,signal_blend,years,years_beating_anchor_sharpe,years_beating_anchor_return,median_sharpe_delta_vs_anchor,median_return_delta_vs_anchor
shrinkage_max_diversification,legacy_risk_scaled,0.0,6,0,0,0.0,0.0
shrinkage_max_diversification,legacy_risk_scaled,0.25,6,3,3,-0.003722644454595192,0.013557176095194245
shrinkage_max_diversification,legacy_risk_scaled,0.5,6,3,3,-0.005819681954692346,0.02706309586491512
shrinkage_max_diversification,legacy_risk_scaled,0.75,6,3,3,-0.00676939691569417,0.04034854875658017
shrinkage_max_diversification,regime_dd_vol_target_25pct_max_1p25,0.0,6,0,0,0.0,0.0
shrinkage_max_diversification,regime_dd_vol_target_25pct_max_1p25,0.25,6,4,4,0.012976131100574585,0.020046444908026984
shrinkage_max_diversification,regime_dd_vol_target_25pct_max_1p25,0.5,6,4,4,0.02711160752597897,0.04390717451742232
shrinkage_max_diversification,regime_dd_vol_target_25pct_max_1p25,0.75,6,4,4,0.038991465306802704,0.06735874473104775
shrinkage_max_diversification,regime_dd_vol_target_30pct_max_1p25,0.0,6,0,0,0.0,0.0
shrinkage_max_diversification,regime_dd_vol_target_30pct_max_1p25,0.25,6,3,3,0.0041804335482855115,0.01513166157423046
shrinkage_max_diversification,regime_dd_vol_target_30pct_max_1p25,0.5,6,3,3,0.009136243047474736,0.02936197413658098
shrinkage_max_diversification,regime_dd_vol_target_30pct_max_1p25,0.75,6,3,3,0.018043866842745414,0.049092800896233635
shrinkage_max_diversification,regime_dd_vol_target_35pct_max_1p25,0.0,6,0,0,0.0,0.0
shrinkage_max_diversification,regime_dd_vol_target_35pct_max_1p25,0.25,6,4,3,0.007491692880282355,0.015676472343755465
shrinkage_max_diversification,regime_dd_vol_target_35pct_max_1p25,0.5,6,4,4,0.020072168190113607,0.03098174317749558
shrinkage_max_diversification,regime_dd_vol_target_35pct_max_1p25,0.75,6,3,3,-0.0049306899681259425,0.0368351760570369
shrinkage_max_diversification,static_1x,0.0,6,0,0,0.0,0.0
shrinkage_max_diversification,static_1x,0.25,6,4,3,0.007966268694057518,0.047989137042624586
shrinkage_max_diversification,static_1x,0.5,6,4,3,0.016004782543278515,0.09576813338287576
shrinkage_max_diversification,static_1x,0.75,6,4,3,0.023683076828466515,0.1426572702646452
shrinkage_max_diversification,vol_target_25pct_max_1p25,0.0,6,0,0,0.0,0.0
shrinkage_max_diversification,vol_target_25pct_max_1p25,0.25,6,4,4,0.01003579054922743,0.01977295129223855
shrinkage_max_diversification,vol_target_25pct_max_1p25,0.5,6,4,4,0.020318558839535678,0.043370215327060424
shrinkage_max_diversification,vol_target_25pct_max_1p25,0.75,6,4,4,0.027581869506789203,0.06646497675840513
shrinkage_max_diversification,vol_target_30pct_max_1p25,0.0,6,0,0,0.0,0.0
shrinkage_max_diversification,vol_target_30pct_max_1p25,0.25,6,2,3,-0.002495448797284111,0.018394404303112566
shrinkage_max_diversification,vol_target_30pct_max_1p25,0.5,6,2,3,-0.003426066355088006,0.03739089941132512
shrinkage_max_diversification,vol_target_30pct_max_1p25,0.75,6,3,3,0.003191541393524469,0.05671608211064094
shrinkage_max_diversification,vol_target_35pct_max_1p25,0.0,6,0,0,0.0,0.0
shrinkage_max_diversification,vol_target_35pct_max_1p25,0.25,6,3,3,-0.0005926112492358193,0.01552180067690162
shrinkage_max_diversification,vol_target_35pct_max_1p25,0.5,6,3,3,-0.0014852798070741635,0.029778804242183543
shrinkage_max_diversification,vol_target_35pct_max_1p25,0.75,6,3,3,-0.0032095981276743513,0.04208707668276168
shrinkage_min_variance,legacy_risk_scaled,0.0,6,0,0,0.0,0.0
shrinkage_min_variance,legacy_risk_scaled,0.25,6,3,4,-0.006423057743903504,0.07458858559998971
shrinkage_min_variance,legacy_risk_scaled,0.5,6,3,4,-0.040282327047435285,0.14955228535091636
shrinkage_min_variance,legacy_risk_scaled,0.75,6,2,4,-0.089163979478458,0.22475128662570665
shrinkage_min_variance,regime_dd_vol_target_25pct_max_1p25,0.0,6,0,0,0.0,0.0
shrinkage_min_variance,regime_dd_vol_target_25pct_max_1p25,0.25,6,3,3,0.008294652888152787,0.0343647562438808
shrinkage_min_variance,regime_dd_vol_target_25pct_max_1p25,0.5,6,2,3,-0.004301951505825977,0.07092937375085878
shrinkage_min_variance,regime_dd_vol_target_25pct_max_1p25,0.75,6,2,3,-0.02921876861777775,0.11293658720475064
shrinkage_min_variance,regime_dd_vol_target_30pct_max_1p25,0.0,6,0,0,0.0,0.0
shrinkage_min_variance,regime_dd_vol_target_30pct_max_1p25,0.25,6,3,3,-0.005861216917284761,0.029550759392109216
shrinkage_min_variance,regime_dd_vol_target_30pct_max_1p25,0.5,6,2,3,-0.030892434129729286,0.053313016405151126
shrinkage_min_variance,regime_dd_vol_target_30pct_max_1p25,0.75,6,2,3,-0.05424245929661162,0.08151634534502789
shrinkage_min_variance,regime_dd_vol_target_35pct_max_1p25,0.0,6,0,0,0.0,0.0
shrinkage_min_variance,regime_dd_vol_target_35pct_max_1p25,0.25,6,2,3,-0.027804157815327413,0.03352551514401991
shrinkage_min_variance,regime_dd_vol_target_35pct_max_1p25,0.5,6,2,3,-0.06873139603639776,0.06173306362361031
shrinkage_min_variance,regime_dd_vol_target_35pct_max_1p25,0.75,6,2,3,-0.12136376368057133,0.07878098646252585
shrinkage_min_variance,static_1x,0.0,6,0,0,0.0,0.0
shrinkage_min_variance,static_1x,0.25,6,3,4,0.0002999822249591666,0.1300359765514174
shrinkage_min_variance,static_1x,0.5,6,2,4,-0.019615618590953898,0.26023600925154144
shrinkage_min_variance,static_1x,0.75,6,2,4,-0.05648862954414696,0.3894407078416917
shrinkage_min_variance,vol_target_25pct_max_1p25,0.0,6,0,0,0.0,0.0
shrinkage_min_variance,vol_target_25pct_max_1p25,0.25,6,3,3,0.008019665443659396,0.033999253403394936
shrinkage_min_variance,vol_target_25pct_max_1p25,0.5,6,2,3,-0.0057277971180527965,0.07027429363721793
shrinkage_min_variance,vol_target_25pct_max_1p25,0.75,6,2,3,-0.03248747297479143,0.11201841232851284
shrinkage_min_variance,vol_target_30pct_max_1p25,0.0,6,0,0,0.0,0.0
shrinkage_min_variance,vol_target_30pct_max_1p25,0.25,6,3,3,0.0003459125794378626,0.024600530388195208
shrinkage_min_variance,vol_target_30pct_max_1p25,0.5,6,2,3,-0.019584388931003893,0.052109328929536014
shrinkage_min_variance,vol_target_30pct_max_1p25,0.75,6,2,3,-0.03855708509499753,0.08041943307036148
shrinkage_min_variance,vol_target_35pct_max_1p25,0.0,6,0,0,0.0,0.0
shrinkage_min_variance,vol_target_35pct_max_1p25,0.25,6,3,3,0.004979824184156323,0.015078014340987766
shrinkage_min_variance,vol_target_35pct_max_1p25,0.5,6,2,3,-0.02164920001685705,0.016358478391294895
shrinkage_min_variance,vol_target_35pct_max_1p25,0.75,6,2,3,-0.06270008827337803,0.026205973272930894
